,Turn,s,R,Unnamed: 4,Unnamed: 5,Unnamed: 6,Unnamed: 7,Unnamed: 8,Unnamed: 9,vx_max
0,Right,1.127,27.808000000000003,,,,,,,15.982726405890789
1,Right,1.167,22.476,,,,,,,14.418552140468348
2,Right,1.189,34.58,,,,,,,17.74569480160556
3,Right,1.177,32.79,,,,,,,17.300075873395304
4,Right,1.169,20.679000000000002,,,,,,,13.846291637313675
5,Right,1.159,18.429000000000002,,,,,,,13.09047875863023
6,Right,1.13,21.311999999999998,,,,,,,14.050838326217063
7,Right,1.078,32.791,,,,,,,17.30032860412656
8,Left,1.015,75.551,,,,,,,25.56994773096015
9,Left,0.9590000000000001,13.65,,,,,,,11.301287213466964
10,Left,0.9540000000000001,10.35,,,,,,,9.862198328712882
11,Left,0.932,9.448,,,,,,,9.42826289888418
12,Left,0.9079999999999999,9.175,,,,,,,9.292722769463836
13,Left,0.888,9.415,,,,,,,9.411987796862725
14,Left,0.8809999999999999,9.738,,,,,,,9.57003629581421
15,Left,0.888,9.902999999999999,,,,,,,9.649723192593576
16,Left,0.899,10.5,,,,,,,9.932425151124287
17,Left,0.919,10.255999999999998,,,,,,,9.817919230806032
18,Left,0.955,10.892000000000001,,,,,,,10.113521013275632
19,Left,0.998,15.38,,,,,,,11.982503410656234
20,Left,1.0190000000000001,18.817,,,,,,,13.224219248678587
21,Left,1.0270000000000001,73.704,,,,,,,25.283801742767174
22,Right,1.056,24.410999999999998,,,,,,,15.007583722590917
23,Right,1.107,18.354,,,,,,,13.064453245760125
24,Right,1.128,16.69,,,,,,,12.471698449296959
25,Right,1.139,15.866,,,,,,,12.166482891115999
26,Right,1.145,17.349,,,,,,,12.71006528945413
27,Right,1.17,18.617,,,,,,,13.15546753606152
28,Right,1.198,20.467,,,,,,,13.77703123002599
29,Right,1.234,23.276,,,,,,,14.665307628146095
30,Right,1.268,24.836,,,,,,,15.133503484503551
31,Right,1.304,27.741,,,,,,,15.96414928436241
32,Right,1.3430000000000002,35.304,,,,,,,17.922222246622344
33,Right,1.3769999999999998,73.25399999999999,,,,,,,25.213397165865803
34,Right,1.412,585.35,,,,,,,33.29511773786174
35,Left,1.45,1028.4180000000001,,,,,,,33.29511773786174
36,Left,1.486,648.173,,,,,,,33.29511773786174
37,Right,1.526,569.8240000000001,,,,,,,33.29511773786174
38,Right,1.5719999999999998,362.525,,,,,,,33.29511773786174
39,Left,1.598,749.387,,,,,,,33.29511773786174
40,Left,1.6219999999999999,296.97700000000003,,,,,,,33.29511773786174
41,Left,1.661,578.78,,,,,,,33.29511773786174
42,Straight,1.694,10000.0,,,,,,,33.29511773786174
43,Right,1.7280000000000002,1460.656,,,,,,,33.29511773786174
44,Straight,1.758,10000.0,,,,,,,33.29511773786174
45,Right,1.79,470.108,,,,,,,33.29511773786174
46,Right,1.8219999999999998,374.74199999999996,,,,,,,33.29511773786174
47,Right,1.8519999999999999,629.554,,,,,,,33.29511773786174
48,Right,1.857,632.705,,,,,,,33.29511773786174
49,Right,1.8219999999999998,974.329,,,,,,,33.29511773786174
50,Right,1.754,564.457,,,,,,,33.29511773786174
51,Right,1.6680000000000001,314.087,,,,,,,33.29511773786174
52,Right,1.5859999999999999,527.395,,,,,,,33.29511773786174
53,Left,1.506,475.469,,,,,,,33.29511773786174
54,Left,1.445,340.72900000000004,,,,,,,33.29511773786174
55,Straight,1.399,10000.0,,,,,,,33.29511773786174
56,Right,1.344,294.502,,,,,,,33.29511773786174
57,Right,1.2919999999999998,61.248000000000005,,,,,,,23.225052880312592
58,Right,1.25,25.195,,,,,,,15.238951463219612
59,Right,1.224,17.881,,,,,,,12.898990276313883
60,Right,1.204,15.209000000000001,,,,,,,11.91703799862946
61,Right,1.186,14.33,,,,,,,11.574202743375391
62,Right,1.1740000000000002,15.317,,,,,,,11.958429677258948
63,Right,1.176,15.267999999999999,,,,,,,11.939669352369268
64,Right,1.18,13.818,,,,,,,11.369368295033636
65,Right,1.187,14.075999999999999,,,,,,,11.473077128046464
66,Right,1.192,14.577,,,,,,,11.671637453533723
67,Right,1.197,14.126,,,,,,,11.49305942089495
68,Right,1.21,16.404,,,,,,,12.366689757635466
69,Right,1.226,24.503,,,,,,,15.034942850064613
70,Right,1.24,52.493,,,,,,,21.618290790280735
71,Left,1.258,89.296,,,,,,,27.569865097046804
72,Left,1.3,30.230999999999998,,,,,,,16.63856031440411
73,Left,1.35,24.543000000000003,,,,,,,15.046820579490634
74,Left,1.3980000000000001,23.337,,,,,,,14.683931812820884
75,Left,1.4369999999999998,28.605999999999998,,,,,,,16.202107947795895
76,Left,1.4680000000000002,35.938,,,,,,,18.075125912466056
77,Left,1.4980000000000002,31.061999999999998,,,,,,,16.85670422496342
78,Left,1.5319999999999998,31.614,,,,,,,16.999808286852723
79,Left,1.564,61.916000000000004,,,,,,,23.341738071377513
80,Left,1.587,123.238,,,,,,,31.75188055385976
81,Left,1.625,88.044,,,,,,,27.396379783349854
82,Left,1.659,269.496,,,,,,,33.29511773786174
83,Right,1.6540000000000001,334.712,,,,,,,33.29511773786174
84,Left,1.6219999999999999,214.422,,,,,,,33.29511773786174
85,Left,1.579,135.577,,,,,,,33.07035753939803
86,Straight,1.527,10000.0,,,,,,,33.29511773786174
87,Right,1.4680000000000002,790.645,,,,,,,33.29511773786174
88,Left,1.412,195.11700000000002,,,,,,,33.29511773786174
89,Left,1.359,108.40799999999999,,,,,,,30.036732570038744
90,Left,1.306,78.187,,,,,,,25.97070222528647
91,Left,1.256,62.586999999999996,,,,,,,23.45817098073898
92,Left,1.216,28.546999999999997,,,,,,,16.18600513540317
93,Left,1.192,15.685,,,,,,,12.098318030717003
94,Left,1.18,14.29,,,,,,,11.558340598136642
95,Left,1.1520000000000001,14.432,,,,,,,11.614545666514733
96,Left,1.137,15.677999999999999,,,,,,,12.095673454903734
97,Left,1.131,17.213,,,,,,,12.661273646053939
98,Left,1.122,15.14,,,,,,,11.8905117288322
99,Left,1.113,12.998,,,,,,,11.032797316701169
100,Left,1.095,12.66,,,,,,,10.890820540976183
101,Left,1.078,13.745,,,,,,,11.339839344826007
102,Left,1.064,13.297,,,,,,,11.156783057524898
103,Left,1.061,13.112,,,,,,,11.080244611047412
104,Left,1.065,12.71,,,,,,,10.91194742439632
105,Left,1.08,12.679,,,,,,,10.898853907924169
106,Left,1.1079999999999999,16.224,,,,,,,12.300100069358573
107,Left,1.131,21.816,,,,,,,14.211359220864754
108,Left,1.156,26.519000000000002,,,,,,,15.620873219612264
109,Left,1.185,36.174,,,,,,,18.131650791681665
110,Left,1.219,435.901,,,,,,,33.29511773786174
111,Right,1.225,59.556000000000004,,,,,,,22.92596359014527
112,Right,1.216,32.897,,,,,,,17.327093495049866
113,Right,1.189,20.974,,,,,,,13.942032777299731
114,Right,1.138,17.132,,,,,,,12.632116101807757
115,Right,1.084,13.571,,,,,,,11.269120282266444
116,Right,1.061,11.970999999999998,,,,,,,10.595112062727862
117,Right,1.04,11.177,,,,,,,10.243060433515138
118,Right,1.024,10.995999999999999,,,,,,,10.160994185474166
119,Right,0.9990000000000001,11.821,,,,,,,10.52956113399951
120,Right,0.9790000000000001,11.254000000000001,,,,,,,10.277762151919152
121,Right,0.9670000000000001,10.979000000000001,,,,,,,10.15325021117759
122,Right,0.958,10.44,,,,,,,9.90439750307203
123,Right,0.9490000000000001,10.335,,,,,,,9.855146589822656
124,Right,0.9470000000000001,11.251,,,,,,,10.276412462183103
125,Right,0.963,11.929,,,,,,,10.576801356120894
126,Right,0.991,14.709000000000001,,,,,,,11.723350181722134
127,Right,1.0090000000000001,14.945,,,,,,,11.815198104637352
128,Right,1.0270000000000001,12.91,,,,,,,10.99602155157314
129,Right,1.05,11.91,,,,,,,10.568506853835588
130,Right,1.061,11.8,,,,,,,10.52034933893238
131,Right,1.068,13.614,,,,,,,11.286641061273743
132,Right,1.074,13.755999999999998,,,,,,,11.344294193240087
133,Right,1.078,13.658,,,,,,,11.304539149365416
134,Right,1.101,13.593,,,,,,,11.278088049220388
135,Right,1.14,13.814,,,,,,,11.367752402950149
136,Right,1.177,16.802,,,,,,,12.512559388667768
137,Right,1.2109999999999999,17.075,,,,,,,12.611553712423817
138,Right,1.254,16.737000000000002,,,,,,,12.488863186496689
139,Right,1.296,21.820999999999998,,,,,,,14.212941562307165
140,Right,1.317,33.484,,,,,,,17.474438217306492
141,Right,1.327,172.405,,,,,,,33.29511773786174
142,Left,1.375,75.006,,,,,,,25.485981032394502
143,Left,1.42,65.809,,,,,,,24.006788942202487
144,Left,1.459,43.427,,,,,,,19.775234282951033
145,Left,1.4980000000000002,29.663,,,,,,,16.48752323570274
146,Left,1.5330000000000001,30.531999999999996,,,,,,,16.717957762413644
147,Left,1.565,29.230999999999998,,,,,,,16.371567716776976
148,Left,1.6,24.568,,,,,,,15.054238777991523
149,Left,1.62,26.195999999999998,,,,,,,15.528686337836037
150,Left,1.64,31.08,,,,,,,16.861393026431614
151,Left,1.651,37.391,,,,,,,18.419854365712744
152,Left,1.619,96.18700000000001,,,,,,,28.49696144231655
153,Left,1.565,898.8510000000001,,,,,,,33.29511773786174
154,Left,1.4980000000000002,131.784,,,,,,,32.67462557885381
155,Left,1.449,102.743,,,,,,,29.338511350561905
156,Left,1.4140000000000001,127.542,,,,,,,32.22215270477556
157,Left,1.3559999999999999,337.50699999999995,,,,,,,33.29511773786174
158,Left,1.3159999999999998,169.352,,,,,,,33.29511773786174
159,Left,1.291,97.85600000000001,,,,,,,28.714785649424016
160,Left,1.2329999999999999,171.69099999999997,,,,,,,33.29511773786174
161,Left,1.179,113.389,,,,,,,30.63015917106133
162,Left,1.125,64.036,,,,,,,23.707005643676123
163,Left,1.08,47.568000000000005,,,,,,,20.64272331224343
164,Left,1.056,38.975,,,,,,,18.78705094082111
165,Left,1.024,20.803,,,,,,,13.88662473484982
166,Left,0.992,11.548,,,,,,,10.40913181491484
167,Left,0.9620000000000001,9.769,,,,,,,9.585060966745548
168,Left,0.92,9.197000000000001,,,,,,,9.303722207833454
169,Left,0.893,7.5489999999999995,,,,,,,8.43822344678733
170,Left,0.873,7.461,,,,,,,8.389384459784077
171,Left,0.857,8.555,,,,,,,8.976926302960946
172,Left,0.8590000000000001,8.388,,,,,,,8.889856594010281
173,Left,0.8690000000000001,8.032,,,,,,,8.701207419882437
174,Left,0.8590000000000001,7.377000000000001,,,,,,,8.34248801914283
175,Left,0.856,8.157,,,,,,,8.767929275206779
176,Left,0.866,10.002,,,,,,,9.697204532511567
177,Left,0.9,12.93,,,,,,,11.004391218873694
178,Left,0.941,18.586,,,,,,,13.144775613261483
179,Left,0.965,17.988,,,,,,,12.936623742484766
180,Left,0.99,17.771,,,,,,,12.860175861029553
181,Left,1.0270000000000001,20.646,,,,,,,13.83553582464845
182,Left,1.084,24.631,,,,,,,15.072914321771393
183,Left,1.141,32.375,,,,,,,17.194815774148953
184,Left,1.173,38.132,,,,,,,18.592716938731588
185,Left,1.216,33.925,,,,,,,17.584178946063652
186,Left,1.272,32.986,,,,,,,17.349528421406145
187,Left,1.319,48.183,,,,,,,20.767720061661667
188,Left,1.359,150.67,,,,,,,33.29511773786174
189,Right,1.3980000000000001,358.801,,,,,,,33.29511773786174
190,Right,1.439,434.3,,,,,,,33.29511773786174
191,Right,1.4809999999999999,292.699,,,,,,,33.29511773786174
192,Right,1.5230000000000001,162.067,,,,,,,33.29511773786174
193,Right,1.5619999999999998,162.8,,,,,,,33.29511773786174
194,Right,1.59,100.33200000000001,,,,,,,29.03336835677668
195,Right,1.632,97.734,,,,,,,28.698948222939766
196,Right,1.652,210.924,,,,,,,33.29511773786174
197,Right,1.6380000000000001,562.923,,,,,,,33.29511773786174
198,Right,1.588,1851.8139999999999,,,,,,,33.29511773786174
199,Right,1.5190000000000001,846.717,,,,,,,33.29511773786174
200,Right,1.445,340.72900000000004,,,,,,,33.29511773786174
201,Right,1.379,558.602,,,,,,,33.29511773786174
202,Straight,1.314,10000.0,,,,,,,33.29511773786174
203,Left,1.253,1152.317,,,,,,,33.29511773786174
204,Straight,1.18,10000.0,,,,,,,33.29511773786174
205,Right,1.107,360.03,,,,,,,33.29511773786174
206,Right,1.047,51.906000000000006,,,,,,,21.50495733064445
207,Right,0.9990000000000001,20.930999999999997,,,,,,,13.928122820452641
208,Right,0.9620000000000001,14.307,,,,,,,11.565084871374763
209,Right,0.9309999999999999,12.24,,,,,,,10.711598208376097
210,Right,0.9,10.914000000000001,,,,,,,10.123583065903519
211,Right,0.88,8.957,,,,,,,9.182981293271192
212,Right,0.8690000000000001,8.325,,,,,,,8.856777511286213
213,Right,0.85,7.974,,,,,,,8.670066539636895
214,Right,0.8320000000000001,7.358,,,,,,,8.331842434995465
215,Right,0.812,7.388999999999999,,,,,,,8.349204277135675
216,Right,0.795,7.0760000000000005,,,,,,,8.17214518317333
217,Right,0.8009999999999999,7.184,,,,,,,8.233685921016411
218,Right,0.8170000000000001,7.841,,,,,,,8.598213234355917
219,Right,0.833,7.537999999999999,,,,,,,8.432134663415818
220,Right,0.8420000000000001,7.183,,,,,,,8.233118289658984
221,Right,0.863,7.644,,,,,,,8.490619382964496
222,Right,0.882,9.764,,,,,,,9.582639309111437
223,Right,0.902,12.831,,,,,,,10.962894584785262
224,Right,0.914,13.055,,,,,,,11.05654819050151
225,Right,0.9279999999999999,16.418,,,,,,,12.371852624329785
226,Right,0.945,18.723,,,,,,,13.191955033604703
227,Right,0.9640000000000001,20.991,,,,,,,13.947527807902631
228,Right,0.9990000000000001,26.14,,,,,,,15.512639899957161
229,Right,1.051,22.228,,,,,,,14.341090440085127
230,Right,1.107,22.758000000000003,,,,,,,14.506071024892048
231,Right,1.159,19.539,,,,,,,13.469201497532135
232,Right,1.207,20.576,,,,,,,13.81268967767573
233,Right,1.219,29.486,,,,,,,16.440128140111007
234,Right,1.207,25.465999999999998,,,,,,,15.318006461402614
235,Right,1.167,23.795,,,,,,,14.822925457004288
236,Right,1.1320000000000001,20.685,,,,,,,13.848246243012499
237,Right,1.119,15.575999999999999,,,,,,,12.057066886906462
238,Right,1.109,14.443,,,,,,,11.618887363290506
239,Right,1.09,13.213,,,,,,,11.12210035392907
240,Right,1.072,12.495,,,,,,,10.820789331624033
241,Right,1.052,12.304,,,,,,,10.739114289140371
242,Right,1.035,12.183,,,,,,,10.687028141447419
243,Right,1.0390000000000001,12.88,,,,,,,10.983454266611524
244,Right,1.069,16.271,,,,,,,12.317525130503887
245,Right,1.09,20.289,,,,,,,13.718578885870564
246,Right,1.101,43.375,,,,,,,19.764039887616278
247,Left,1.117,43.598,,,,,,,19.811991682643455
248,Left,1.162,19.625,,,,,,,13.49805552137175
249,Left,1.2109999999999999,15.704,,,,,,,12.105493008834397
250,Left,1.253,16.952,,,,,,,12.56705713125059
251,Left,1.29,22.603,,,,,,,14.458040165831209
252,Left,1.3159999999999998,25.921,,,,,,,15.449704455310366
253,Left,1.338,30.204,,,,,,,16.63141675174479
254,Left,1.369,33.549,,,,,,,17.490664209992172
255,Left,1.419,53.773,,,,,,,21.862819192209077
256,Right,1.454,193.877,,,,,,,33.29511773786174
257,Right,1.4880000000000002,48.492,,,,,,,20.830167846019567
258,Right,1.541,35.934,,,,,,,18.074166046675547
259,Right,1.591,28.148000000000003,,,,,,,16.076618430334452
260,Right,1.632,28.320999999999998,,,,,,,16.124151675334296
261,Right,1.65,33.885999999999996,,,,,,,17.57450657670825
262,Right,1.665,38.033,,,,,,,18.56973385280359
263,Right,1.686,44.86,,,,,,,20.080702289357028
264,Right,1.7169999999999999,47.562,,,,,,,20.641499149430064
265,Right,1.7480000000000002,41.513999999999996,,,,,,,19.358158472346
266,Right,1.781,35.543,,,,,,,17.9800443464385
267,Right,1.81,31.225,,,,,,,16.89910860189799
268,Right,1.835,31.296999999999997,,,,,,,16.91779989664674
269,Right,1.845,30.48,,,,,,,16.7042726026686
270,Right,1.858,28.953000000000003,,,,,,,16.296443208827753
271,Right,1.8730000000000002,28.759,,,,,,,16.243780365184566
272,Right,1.8869999999999998,29.531,,,,,,,16.452192729387455
273,Right,1.889,31.558000000000003,,,,,,,16.98535463390474
274,Right,1.8940000000000001,31.156999999999996,,,,,,,16.881433535907817
275,Right,1.901,33.563,,,,,,,17.494156716668808
276,Right,1.883,48.623000000000005,,,,,,,20.856571466632765
277,Right,1.8259999999999998,80.229,,,,,,,26.275231029513275
278,Right,1.751,112.50399999999999,,,,,,,30.52606308016779
279,Right,1.68,133.696,,,,,,,32.87512932115425
280,Right,1.61,108.706,,,,,,,30.072760632583844
281,Right,1.551,90.507,,,,,,,27.73614884220497
282,Right,1.484,646.155,,,,,,,33.29511773786174
283,Left,1.413,34.077,,,,,,,17.621816542068874
284,Left,1.385,18.054000000000002,,,,,,,12.959777195010645
285,Left,1.358,16.503,,,,,,,12.40314842291087
286,Left,1.315,15.195,,,,,,,11.911661021031735
287,Left,1.298,14.818,,,,,,,11.765867629166356
288,Left,1.287,15.789000000000001,,,,,,,12.137535310748952
289,Left,1.266,15.569,,,,,,,12.054412504129509
290,Left,1.239,14.92,,,,,,,11.805504971326624
291,Left,1.2209999999999999,15.193,,,,,,,11.910892667131073
292,Left,1.229,15.841,,,,,,,12.157092521615752
293,Left,1.266,19.457,,,,,,,13.441625801654117
294,Left,1.314,27.837,,,,,,,15.990759564270776
295,Left,1.34,52.7,,,,,,,21.658075902131763
296,Right,1.365,228.01,,,,,,,33.29511773786174
297,Right,1.4080000000000001,51.955,,,,,,,21.51444708370164
298,Right,1.465,33.516999999999996,,,,,,,17.48267824797466
299,Right,1.517,29.116999999999997,,,,,,,16.340809531637365
300,Right,1.56,27.053,,,,,,,15.771933262068222
301,Right,1.598,24.195,,,,,,,14.943126658747897
302,Right,1.625,32.016,,,,,,,17.10314583779171
303,Right,1.631,42.445,,,,,,,19.562499582167252
304,Right,1.65,45.438,,,,,,,20.202297781214586
305,Right,1.672,78.958,,,,,,,26.086278030459642
306,Right,1.7069999999999999,178.25400000000002,,,,,,,33.29511773786174
307,Right,1.7380000000000002,277.185,,,,,,,33.29511773786174
308,Right,1.77,417.915,,,,,,,33.29511773786174
309,Right,1.8019999999999998,1191.132,,,,,,,33.29511773786174
310,Straight,1.829,10000.0,,,,,,,33.29511773786174
311,Left,1.854,841.085,,,,,,,33.29511773786174
312,Straight,1.8869999999999998,10000.0,,,,,,,33.29511773786174
313,Right,1.913,255.916,,,,,,,33.29511773786174
314,Right,1.942,213.0,,,,,,,33.29511773786174
315,Right,1.975,229.081,,,,,,,33.29511773786174
316,Right,2.0,163.137,,,,,,,33.29511773786174
317,Right,2.033,168.581,,,,,,,33.29511773786174
318,Right,2.043,133.22799999999998,,,,,,,32.82624546851919
319,Right,2.029,106.036,,,,,,,29.747497984792545
320,Right,1.986,96.527,,,,,,,28.541540217140405
321,Right,1.9169999999999998,70.953,,,,,,,24.849050050727943
322,Right,1.847,59.643,,,,,,,22.941468099426682
323,Right,1.787,46.388999999999996,,,,,,,20.400405350337827
324,Right,1.758,34.625,,,,,,,17.75672751206929
325,Right,1.7380000000000002,28.798000000000002,,,,,,,16.25438304057356
326,Right,1.72,29.134,,,,,,,16.34540052292514
327,Right,1.675,84.094,,,,,,,26.838192957473
328,Left,1.64,58.04600000000001,,,,,,,22.654632871001454
329,Left,1.659,33.381,,,,,,,17.448689826624484
330,Left,1.676,26.436,,,,,,,15.597243671287492
331,Left,1.703,24.615,,,,,,,15.068173807460267
332,Left,1.724,24.784000000000002,,,,,,,15.118160548303951
333,Left,1.744,27.051,,,,,,,15.771370579603433
334,Left,1.755,35.603,,,,,,,17.994525657199713
335,Left,1.75,45.872,,,,,,,20.293005251040448
336,Left,1.755,49.662,,,,,,,21.064510623036323
337,Left,1.791,48.07,,,,,,,20.74482410064805
338,Left,1.824,47.43,,,,,,,20.61454450137497
339,Left,1.855,84.193,,,,,,,26.85239003985967
340,Right,1.8659999999999999,730.502,,,,,,,33.29511773786174
341,Right,1.857,136.835,,,,,,,33.19982457575731
342,Right,1.8430000000000002,106.06299999999999,,,,,,,29.75081518040608
343,Right,1.791,88.883,,,,,,,27.512815285924813
344,Right,1.726,63.371,,,,,,,23.59324220302428
345,Right,1.679,35.385,,,,,,,17.941843684150083
346,Right,1.652,27.255,,,,,,,15.828646272335382
347,Right,1.629,25.639,,,,,,,15.368231875419427
348,Right,1.611,24.255,,,,,,,14.961062871509544
349,Right,1.597,25.983,,,,,,,15.467551395951231
350,Right,1.5930000000000002,26.593000000000004,,,,,,,15.641906170723278
351,Right,1.607,28.279,,,,,,,16.112626645705593
352,Right,1.601,48.233000000000004,,,,,,,20.77784089626371
353,Right,1.5730000000000002,453.957,,,,,,,33.29511773786174
354,Left,1.536,384.62199999999996,,,,,,,33.29511773786174
355,Right,1.485,809.206,,,,,,,33.29511773786174
356,Right,1.4340000000000002,335.186,,,,,,,33.29511773786174
357,Right,1.375,132.109,,,,,,,32.70885525178722
358,Right,1.3030000000000002,155.875,,,,,,,33.29511773786174
359,Straight,1.2309999999999999,10000.0,,,,,,,33.29511773786174
360,Right,1.163,110.25,,,,,,,30.258345012997104
361,Right,1.1159999999999999,38.101,,,,,,,18.585523893083266
362,Right,1.08,23.458000000000002,,,,,,,14.720796462670235
363,Right,1.047,20.35,,,,,,,13.738641366145572
364,Right,1.016,16.85,,,,,,,12.530026780574605
365,Right,0.988,10.947000000000001,,,,,,,10.138656330505704
366,Right,0.968,10.501,,,,,,,9.93289157108447
367,Right,0.951,10.981,,,,,,,10.154161591503538
368,Right,0.922,8.255,,,,,,,8.819870972665477
369,Right,0.89,7.047000000000001,,,,,,,8.155538254387947
370,Right,0.857,8.04,,,,,,,8.705493597854346
371,Right,0.831,8.041,,,,,,,8.706029215358773
372,Right,0.7979999999999999,5.74,,,,,,,7.366857792290888
373,Right,0.773,5.443,,,,,,,7.175150333851287
374,Right,0.7509999999999999,6.3629999999999995,,,,,,,7.753147887856625
375,Right,0.7340000000000001,6.331,,,,,,,7.73379161235809
376,Right,0.731,5.894,,,,,,,7.464265647777633
377,Right,0.741,5.966,,,,,,,7.509360063263432
378,Right,0.745,5.91,,,,,,,7.474310885792263
379,Right,0.743,5.916,,,,,,,7.478074261518948
380,Right,0.741,6.768,,,,,,,7.993939265209167
381,Right,0.758,7.532,,,,,,,8.428811580266403
382,Right,0.795,8.001,,,,,,,8.68457764185835
383,Right,0.8290000000000001,10.623,,,,,,,9.989622247597657
384,Right,0.851,15.622,,,,,,,12.074494249489623
385,Right,0.861,13.1,,,,,,,11.075260398756456
386,Right,0.877,11.4,,,,,,,10.343221409264592
387,Right,0.899,13.184000000000001,,,,,,,11.11009964114023
388,Right,0.924,15.286,,,,,,,11.946564603308452
389,Right,0.96,18.279,,,,,,,13.038370679321185
390,Right,1.0090000000000001,24.127,,,,,,,14.9227695162709
391,Right,1.068,41.843999999999994,,,,,,,19.430889728038792
392,Right,1.105,61.841,,,,,,,23.32867584029521
393,Right,1.156,51.663999999999994,,,,,,,21.458010943077216
394,Right,1.207,152.736,,,,,,,33.29511773786174
395,Left,1.242,161.77,,,,,,,33.29511773786174
396,Left,1.2919999999999998,144.164,,,,,,,33.29511773786174
397,Left,1.3419999999999999,125.954,,,,,,,32.049982550815386
398,Left,1.389,91.37200000000001,,,,,,,27.854023806593332
399,Left,1.4340000000000002,77.40100000000001,,,,,,,25.85212242235269
400,Left,1.479,71.325,,,,,,,24.90845402827938
401,Left,1.527,68.483,,,,,,,24.449564456829624
402,Left,1.568,65.623,,,,,,,23.97557657026699
403,Left,1.591,56.328,,,,,,,22.340657191812802
404,Left,1.6269999999999998,52.53,,,,,,,21.625409020706858
405,Left,1.652,75.61399999999999,,,,,,,25.57962905657558
406,Left,1.683,159.846,,,,,,,33.29511773786174
407,Left,1.712,179.222,,,,,,,33.29511773786174
408,Left,1.744,127.59200000000001,,,,,,,32.227548639193444
409,Left,1.784,119.855,,,,,,,31.37395856220504
410,Left,1.8130000000000002,155.556,,,,,,,33.29511773786174
411,Left,1.839,292.055,,,,,,,33.29511773786174
412,Left,1.8619999999999999,636.18,,,,,,,33.29511773786174
413,Left,1.8980000000000001,1762.059,,,,,,,33.29511773786174
414,Left,1.9269999999999998,389.467,,,,,,,33.29511773786174
415,Left,1.959,216.774,,,,,,,33.29511773786174
416,Left,1.982,320.26,,,,,,,33.29511773786174
417,Left,2.011,212.084,,,,,,,33.29511773786174
418,Left,2.045,118.016,,,,,,,31.16534395133222
419,Left,2.0669999999999997,90.883,,,,,,,27.787478263715485
420,Left,2.089,71.967,,,,,,,25.010515932931526
421,Left,2.08,62.253,,,,,,,23.400311306889094
422,Left,2.0580000000000003,52.692,,,,,,,21.65654005250461
423,Left,2.021,42.513999999999996,,,,,,,19.577540171322912
424,Left,1.982,37.442,,,,,,,18.431814224193527
425,Left,1.9380000000000002,34.464,,,,,,,17.717217387319838
426,Left,1.9,32.494,,,,,,,17.225076019407794
427,Left,1.861,34.57,,,,,,,17.743241984322715
428,Left,1.807,45.668,,,,,,,20.250431508826956
429,Left,1.75,102.141,,,,,,,29.262780146878878
430,Right,1.689,598.133,,,,,,,33.29511773786174
431,Right,1.6380000000000001,91.613,,,,,,,27.886733442148067
432,Right,1.601,42.739,,,,,,,19.626487331494005
433,Right,1.57,29.413,,,,,,,16.420534869490258
434,Right,1.541,24.024,,,,,,,14.891874591488243
435,Right,1.51,21.46,,,,,,,14.09818680317125
436,Right,1.483,22.26,,,,,,,14.351111798129496
437,Right,1.463,24.738000000000003,,,,,,,15.10457323741853
438,Right,1.449,48.91,,,,,,,20.914270844319613
439,Left,1.431,73.316,,,,,,,25.22311360776166
440,Left,1.4409999999999998,27.945,,,,,,,16.020635454981527
441,Left,1.465,22.194000000000003,,,,,,,14.33043415592332
442,Left,1.482,19.777,,,,,,,13.548887333940002
443,Left,1.4880000000000002,19.584,,,,,,,13.484308040022174
444,Left,1.4969999999999999,19.355999999999998,,,,,,,13.407574544081495
445,Left,1.511,23.101999999999997,,,,,,,14.612036233119479
446,Left,1.495,50.467,,,,,,,21.22385070214423
447,Left,1.4369999999999998,1009.784,,,,,,,33.29511773786174
448,Right,1.379,126.955,,,,,,,32.158690550355324
449,Right,1.33,38.203,,,,,,,18.609178724356273
450,Right,1.286,19.895,,,,,,,13.588203966993785
451,Right,1.238,17.439,,,,,,,12.742241667657591
452,Right,1.18,15.725,,,,,,,12.113417888820624
453,Right,1.141,12.65,,,,,,,10.886589910918977
454,Right,1.1159999999999999,11.58,,,,,,,10.423324556264808
455,Right,1.09,11.18,,,,,,,10.244414781059717
456,Right,1.075,10.865,,,,,,,10.101157633617676
457,Right,1.053,10.434000000000001,,,,,,,9.901590130727971
458,Right,1.031,17.715999999999998,,,,,,,12.840720465375636
459,Left,0.9940000000000001,65.922,,,,,,,24.02572454726451
460,Left,0.9590000000000001,20.141,,,,,,,13.669767031949588
461,Left,0.9570000000000001,17.015,,,,,,,12.5898694952194
462,Left,0.9440000000000001,10.821,,,,,,,10.080975527430427
463,Left,0.9329999999999999,8.145,,,,,,,8.761546978269491
464,Left,0.9209999999999999,8.418,,,,,,,8.905563424921748
465,Left,0.902,7.752999999999999,,,,,,,8.550325245062995
466,Left,0.88,7.11,,,,,,,8.191570883223017
467,Left,0.862,7.847,,,,,,,8.60146821138381
468,Left,0.86,8.359,,,,,,,8.874645713559206
469,Left,0.875,9.449,,,,,,,9.42875562315277
470,Left,0.8959999999999999,9.495,,,,,,,9.451391770438413
471,Left,0.932,9.727,,,,,,,9.564698992159219
472,Left,0.976,13.58,,,,,,,11.272789839048125
473,Left,0.987,16.43,,,,,,,12.376276074157904
474,Left,0.992,15.370999999999999,,,,,,,11.979067510783729
475,Left,1.005,13.737,,,,,,,11.336598274755723
476,Left,1.036,14.873,,,,,,,11.787258579883554
477,Left,1.072,17.586,,,,,,,12.794606233874047
478,Left,1.121,18.266,,,,,,,13.033843874092948
479,Left,1.182,18.642,,,,,,,13.164083100367895
480,Left,1.238,19.079,,,,,,,13.313693134129046
481,Left,1.274,23.575,,,,,,,14.756343922266169
482,Left,1.287,32.431999999999995,,,,,,,17.20931796711028
483,Left,1.308,28.553,,,,,,,16.187643552914896
484,Left,1.3030000000000002,24.921999999999997,,,,,,,15.158839744815133
485,Left,1.291,24.963,,,,,,,15.170901785346764
486,Left,1.284,18.061,,,,,,,12.962230204888286
487,Left,1.263,15.708,,,,,,,12.107002943294685
488,Left,1.24,21.095,,,,,,,13.981092174925827
489,Left,1.238,22.488000000000003,,,,,,,14.422288474741007
490,Left,1.254,18.174,,,,,,,13.001758579547005
491,Left,1.2790000000000001,16.565,,,,,,,12.425921860815738
492,Left,1.308,16.622,,,,,,,12.446818721626029
493,Left,1.3319999999999999,18.476,,,,,,,13.106759152823408
494,Left,1.348,19.055999999999997,,,,,,,13.305865084969962
495,Left,1.3769999999999998,23.013,,,,,,,14.584703685283076
496,Left,1.396,24.886,,,,,,,15.148239710445225
497,Left,1.413,19.293,,,,,,,13.38628623742348
498,Left,1.445,22.885,,,,,,,14.54529280574282
499,Left,1.442,48.473,,,,,,,20.82633481248876
500,Left,1.419,61.575,,,,,,,23.28226983353147
501,Left,1.3869999999999998,34.853,,,,,,,17.81250214829198
502,Left,1.3359999999999999,32.766999999999996,,,,,,,17.294261868653056
503,Left,1.276,37.918,,,,,,,18.542993286872406
504,Left,1.217,28.623,,,,,,,16.206744318754353
505,Left,1.178,16.44,,,,,,,12.37996096906394
506,Left,1.162,12.945,,,,,,,11.010664006025461
507,Left,1.136,13.337,,,,,,,11.17325811258448
508,Left,1.089,11.306,,,,,,,10.301126986975168
509,Left,1.061,10.59,,,,,,,9.974310696096381
510,Left,1.043,11.647,,,,,,,10.452974340633368
511,Left,1.038,11.802,,,,,,,10.521227022159389
512,Left,1.0490000000000002,11.782,,,,,,,10.512446684496966
513,Left,1.077,12.34,,,,,,,10.75455911839815
514,Left,1.112,14.299000000000001,,,,,,,11.561911623223118
515,Left,1.141,18.012999999999998,,,,,,,12.945399330891785
516,Left,1.162,30.02,,,,,,,16.582639519200253
517,Left,1.182,227.75900000000001,,,,,,,33.29511773786174
518,Right,1.21,59.739,,,,,,,22.95856050374171
519,Right,1.2590000000000001,28.737,,,,,,,16.2377958450204
520,Right,1.3159999999999998,21.528000000000002,,,,,,,14.119882193832893
521,Right,1.364,21.325,,,,,,,14.05500443424772
522,Right,1.399,21.603,,,,,,,14.14376790857371
523,Right,1.44,23.221999999999998,,,,,,,14.64879842604723
524,Right,1.4709999999999999,31.766,,,,,,,17.03896740069908
525,Right,1.489,38.306,,,,,,,18.63302878277738
526,Right,1.511,30.750999999999998,,,,,,,16.775450859867387
527,Right,1.5419999999999998,40.125,,,,,,,19.04830271908314
528,Right,1.565,276.406,,,,,,,33.29511773786174
529,Left,1.598,288.476,,,,,,,33.29511773786174
530,Right,1.633,391.6,,,,,,,33.29511773786174
531,Right,1.6680000000000001,113.42,,,,,,,30.63379519558667
532,Right,1.709,134.017,,,,,,,32.90858673086112
533,Right,1.739,261.158,,,,,,,33.29511773786174
534,Right,1.777,308.881,,,,,,,33.29511773786174
535,Right,1.8,297.248,,,,,,,33.29511773786174
536,Right,1.829,132.705,,,,,,,32.77146887569066
537,Right,1.8730000000000002,95.353,,,,,,,28.387163067161936
538,Right,1.902,160.97,,,,,,,33.29511773786174
539,Right,1.93,390.591,,,,,,,33.29511773786174
540,Right,1.9580000000000002,402.009,,,,,,,33.29511773786174
541,Right,1.9880000000000002,386.65,,,,,,,33.29511773786174
542,Straight,2.015,10000.0,,,,,,,33.29511773786174
543,Left,1.9980000000000002,976.556,,,,,,,33.29511773786174
544,Left,1.953,700.0269999999999,,,,,,,33.29511773786174
545,Left,1.881,259.559,,,,,,,33.29511773786174
546,Left,1.791,277.107,,,,,,,33.29511773786174
547,Left,1.694,702.42,,,,,,,33.29511773786174
548,Right,1.604,269.814,,,,,,,33.29511773786174
549,Right,1.534,95.95299999999999,,,,,,,28.466219311433324
550,Right,1.469,102.115,,,,,,,29.25950253084473
551,Right,1.399,159.52,,,,,,,33.29511773786174
552,Right,1.3230000000000002,75.558,,,,,,,25.57102368790485
553,Right,1.254,29.579,,,,,,,16.46505034482237
554,Right,1.209,18.658,,,,,,,13.169593809208019
555,Right,1.175,15.012,,,,,,,11.84113345287356
556,Right,1.15,12.931,,,,,,,11.00480952361055
557,Right,1.126,12.484000000000002,,,,,,,10.816103378892661
558,Right,1.092,12.407,,,,,,,10.783240888136449
559,Right,1.057,11.558,,,,,,,10.413569252864061
560,Right,1.033,10.956,,,,,,,10.142763106143484
561,Right,1.022,11.62,,,,,,,10.441036676936315
562,Right,1.015,11.713,,,,,,,10.482094504948423
563,Right,1.012,10.969000000000001,,,,,,,10.148692009866261
564,Right,1.016,11.74,,,,,,,10.493982555939452
565,Right,1.02,11.562000000000001,,,,,,,10.415343666014596
566,Right,1.0270000000000001,11.065999999999999,,,,,,,10.192815510061218
567,Right,1.034,11.626,,,,,,,10.443690743609249
568,Right,1.043,11.484000000000002,,,,,,,10.380684521556287
569,Right,1.07,13.33,,,,,,,11.170376856813409
570,Right,1.085,14.908,,,,,,,11.800849213666423
571,Right,1.104,15.985999999999999,,,,,,,12.211447636893627
572,Right,1.1320000000000001,17.92,,,,,,,12.912721067308008
573,Right,1.159,16.432000000000002,,,,,,,12.377013148610725
574,Right,1.2009999999999998,15.465,,,,,,,12.014901135015242
575,Right,1.245,15.92,,,,,,,12.18673930415553
576,Right,1.281,20.588,,,,,,,13.816609138362507
577,Right,1.3119999999999998,22.354,,,,,,,14.380504351115501
578,Right,1.337,17.967,,,,,,,12.929247202493283
579,Right,1.3359999999999999,17.476,,,,,,,12.755444003344197
580,Right,1.3130000000000002,18.075,,,,,,,12.96713469823221
581,Right,1.2930000000000001,17.271,,,,,,,12.682106923332373
582,Right,1.265,14.140999999999998,,,,,,,11.49904682752365
583,Right,1.239,13.743,,,,,,,11.339029170534548
584,Right,1.22,16.062,,,,,,,12.239832604696964
585,Right,1.214,15.573,,,,,,,12.055929371803135
586,Right,1.239,14.92,,,,,,,11.805504971326624
587,Right,1.263,15.708,,,,,,,12.107002943294685
588,Right,1.278,15.282,,,,,,,11.945032697369518
589,Right,1.298,14.729000000000001,,,,,,,11.731164002021803
590,Right,1.3130000000000002,15.728,,,,,,,12.114549555808678
591,Right,1.321,16.954,,,,,,,12.56778202742624
592,Right,1.331,19.277,,,,,,,13.3808737335079
593,Right,1.341,22.771,,,,,,,14.510091317479983
594,Right,1.349,25.212,,,,,,,15.243924316555082
595,Right,1.367,26.627,,,,,,,15.651559138148563
596,Right,1.391,22.016,,,,,,,14.274500120844516
597,Right,1.421,19.496,,,,,,,13.454748853570303
598,Right,1.431,19.257,,,,,,,13.374104705936873
599,Right,1.429,21.401999999999997,,,,,,,14.079652459680032
600,Right,1.4140000000000001,23.289,,,,,,,14.669278946174899
601,Right,1.374,23.274,,,,,,,14.664696548812966
602,Right,1.3219999999999998,42.771,,,,,,,19.633436536989258
603,Left,1.249,76.311,,,,,,,25.68639658988698
604,Left,1.217,25.897,,,,,,,15.442789657085797
605,Left,1.1909999999999998,21.473000000000003,,,,,,,14.102337328198018
606,Left,1.1640000000000001,15.651,,,,,,,12.085467073219444
607,Left,1.145,12.329,,,,,,,10.749842374293072
608,Left,1.121,12.289000000000001,,,,,,,10.732671952070698
609,Left,1.097,12.193,,,,,,,10.691343030073826
610,Left,1.088,11.75,,,,,,,10.498381907580905
611,Left,1.077,11.125,,,,,,,10.219554854725777
612,Left,1.069,10.554,,,,,,,9.957578811654862
613,Left,1.056,10.172,,,,,,,9.778171687532081
614,Left,1.041,10.609000000000002,,,,,,,9.98312946849526
615,Left,1.0290000000000001,11.344000000000001,,,,,,,10.318165814496057
616,Left,1.011,10.875,,,,,,,10.105738529206187
617,Left,1.0090000000000001,10.84,,,,,,,10.08969576707989
618,Left,1.0170000000000001,10.685,,,,,,,10.018322534587371
619,Left,1.0070000000000001,10.199,,,,,,,9.790966241106412
620,Left,0.991,10.38,,,,,,,9.876285866969678
621,Left,0.986,11.989,,,,,,,10.602949210390854
622,Left,0.993,12.069,,,,,,,10.637706650750854
623,Left,1.0170000000000001,10.464,,,,,,,9.915618600868761
624,Left,1.054,13.487,,,,,,,11.234809096085451
625,Left,1.0659999999999998,19.386,,,,,,,13.417698736225244
626,Left,1.063,27.631,,,,,,,15.933595590826059
627,Right,1.072,99.18299999999999,,,,,,,28.886196695864207
628,Right,1.114,23.954,,,,,,,14.870836694666432
629,Right,1.149,20.84,,,,,,,13.898634425991363
630,Right,1.178,22.401999999999997,,,,,,,14.39548740938535
631,Right,1.192,54.855,,,,,,,22.066810316601984
632,Left,1.175,63.356,,,,,,,23.590667629335975
633,Left,1.158,20.081,,,,,,,13.649923345761524
634,Left,1.153,14.244000000000002,,,,,,,11.540070116459951
635,Left,1.13,12.753,,,,,,,10.930081670074749
636,Left,1.093,11.543,,,,,,,10.406912342611701
637,Left,1.058,11.408,,,,,,,10.34679552606065
638,Left,1.025,9.959,,,,,,,9.676611466642344
639,Left,0.997,8.79,,,,,,,9.097974517948636
640,Left,0.971,9.106,,,,,,,9.25813560280552
641,Left,0.935,8.121,,,,,,,8.748767808334138
642,Left,0.907,7.691,,,,,,,8.516417555278032
643,Left,0.8859999999999999,8.661,,,,,,,9.031736933969619
644,Left,0.882,8.846,,,,,,,9.12657220367025
645,Left,0.888,8.578,,,,,,,8.988848873052364
646,Left,0.902,8.594,,,,,,,8.99713309016863
647,Left,0.934,9.638,,,,,,,9.521399600776213
648,Left,0.971,10.899000000000001,,,,,,,10.116723724249802
649,Left,1.002,11.876,,,,,,,10.553646753856578
650,Left,1.026,15.161,,,,,,,11.898591709104384
651,Left,1.047,17.49,,,,,,,12.760435587457449
652,Left,1.067,18.987000000000002,,,,,,,13.28235043637745
653,Left,1.097,18.033,,,,,,,12.952415109071104
654,Left,1.14,18.689,,,,,,,13.18026359772451
655,Left,1.185,76.396,,,,,,,25.69937436788256
656,Right,1.224,33.812,,,,,,,17.556136573922718
657,Right,1.285,20.204,,,,,,,13.690568621639526
658,Right,1.34,19.24,,,,,,,13.368348060251474
659,Right,1.385,23.078000000000003,,,,,,,14.604671316016123
660,Right,1.412,28.142,,,,,,,16.074966976146055
661,Right,1.425,36.361999999999995,,,,,,,18.176529078004766
662,Right,1.416,43.898,,,,,,,19.87627595130471
663,Right,1.3980000000000001,40.979,,,,,,,19.23953130002657
664,Right,1.3630000000000002,82.632,,,,,,,26.62725688369564
665,Left,1.294,41.643,,,,,,,19.386629498600552
666,Left,1.256,18.385,,,,,,,13.075217355612631
667,Left,1.246,14.599,,,,,,,11.680273384772539
668,Left,1.227,13.24,,,,,,,11.13326098314321
669,Left,1.204,12.745,,,,,,,10.92671029068733
670,Left,1.178,13.314,,,,,,,11.163788138049041
671,Left,1.173,17.409000000000002,,,,,,,12.731526083347891
672,Left,1.183,20.53,,,,,,,13.797653629854047
673,Left,1.1909999999999998,37.856,,,,,,,18.528557373253523
674,Right,1.192,61.357,,,,,,,23.244145981885932
675,Right,1.2109999999999999,22.905,,,,,,,14.55145865441533
676,Right,1.218,15.77,,,,,,,12.130380876919679
677,Right,1.207,14.079,,,,,,,11.47427712087412
678,Right,1.181,13.644,,,,,,,11.298847602525827
679,Right,1.158,11.709000000000001,,,,,,,10.480332093499745
680,Right,1.139,13.32,,,,,,,11.166259395602065
681,Right,1.117,16.969,,,,,,,12.573217295936994
682,Right,1.107,17.463,,,,,,,12.750807047841315
683,Right,1.101,59.354,,,,,,,22.88991121571635
684,Left,1.112,28.339000000000002,,,,,,,16.1290880716413
685,Left,1.147,18.218,,,,,,,13.017114547866994
686,Left,1.178,16.697,,,,,,,12.47425653007567
687,Left,1.205,17.178,,,,,,,12.648683710491303
688,Left,1.2229999999999999,15.251,,,,,,,11.933153213974858
689,Left,1.2409999999999999,13.944,,,,,,,11.420143224056268
690,Left,1.248,13.447000000000001,,,,,,,11.218430886434973
691,Left,1.25,13.807,,,,,,,11.364923998159133
692,Left,1.249,16.352,,,,,,,12.3474928383712
693,Left,1.256,18.840999999999998,,,,,,,13.23244304962145
694,Left,1.275,23.403000000000002,,,,,,,14.704052693281511
695,Left,1.298,22.694000000000003,,,,,,,14.486260569493343
696,Left,1.3330000000000002,19.468,,,,,,,13.445328607061146
697,Left,1.374,20.523000000000003,,,,,,,13.795363941175532
698,Left,1.403,18.654,,,,,,,13.16821636974094
699,Left,1.452,19.454,,,,,,,13.440615750183634
700,Left,1.494,22.595,,,,,,,14.45555629789696
701,Left,1.527,23.115,,,,,,,14.61602382255446
702,Left,1.5319999999999998,32.519,,,,,,,17.23142528885481
703,Left,1.535,64.084,,,,,,,23.715188839620964
704,Left,1.5630000000000002,48.428999999999995,,,,,,,20.81745490225579
705,Left,1.614,43.458999999999996,,,,,,,19.782119262993703
706,Left,1.641,50.02,,,,,,,21.13556041692914
707,Left,1.675,39.984,,,,,,,19.016504796977816
708,Left,1.694,37.297,,,,,,,18.397786261386997
709,Left,1.6909999999999998,36.183,,,,,,,18.133802242021183
710,Left,1.686,37.927,,,,,,,18.545087699681904
711,Left,1.626,59.718,,,,,,,22.954822974617304
712,Left,1.544,71.414,,,,,,,24.922637305689122
713,Left,1.49,37.908,,,,,,,18.540665827826466
714,Left,1.453,33.664,,,,,,,17.51932833041961
715,Left,1.405,43.254,,,,,,,19.737961116669982
716,Left,1.348,31.011,,,,,,,16.843411022555745
717,Left,1.3090000000000002,24.403000000000002,,,,,,,15.005202002509213
718,Left,1.253,28.451999999999998,,,,,,,16.160038010930155
719,Left,1.207,27.759,,,,,,,15.969142590932986
720,Left,1.153,36.79,,,,,,,18.278208246483683
721,Right,1.052,108.366,,,,,,,30.031649298463062
722,Right,0.95,27.01,,,,,,,15.75983052191705
723,Right,0.905,17.178,,,,,,,12.648683710491303
724,Right,0.879,10.5,,,,,,,9.932425151124287
725,Right,0.871,8.37,,,,,,,8.880418562074546
726,Right,0.863,7.531000000000001,,,,,,,8.428257600564441
727,Right,0.852,7.841,,,,,,,8.598213234355917
728,Right,0.838,8.111,,,,,,,8.743437402162126
729,Right,0.833,8.017999999999999,,,,,,,8.693701305299994
730,Right,0.847,7.982,,,,,,,8.67436876422235
731,Right,0.858,7.15,,,,,,,8.21436360535788
732,Right,0.8540000000000001,7.386,,,,,,,8.34752573922278
733,Right,0.8340000000000001,6.86,,,,,,,8.047598221262158
734,Right,0.81,6.06,,,,,,,7.56781612569608
735,Right,0.787,6.534,,,,,,,7.85574724055208
736,Right,0.765,6.05,,,,,,,7.561619565837619
737,Right,0.75,5.808,,,,,,,7.410031832414112
738,Right,0.7490000000000001,6.481,,,,,,,7.8240962755319
739,Right,0.7659999999999999,6.728,,,,,,,7.970492508062064
740,Right,0.782,6.652,,,,,,,7.925745688107293
741,Right,0.8029999999999999,7.3420000000000005,,,,,,,8.322866755570063
742,Right,0.84,9.96,,,,,,,9.677090899403147
743,Right,0.873,10.966,,,,,,,10.147324126791265
744,Right,0.905,11.238,,,,,,,10.270561633869404
745,Right,0.9329999999999999,13.307,,,,,,,11.160904263449298
746,Right,0.9540000000000001,13.624,,,,,,,11.290711481416366
747,Right,0.975,13.158,,,,,,,11.099328572213597
748,Right,1.0070000000000001,14.035,,,,,,,11.45666368176291
749,Right,1.056,16.055999999999997,,,,,,,12.237594284811674
750,Right,1.107,23.069000000000003,,,,,,,14.601908396260443
751,Right,1.138,32.205,,,,,,,17.151478188739482
752,Right,1.186,32.792,,,,,,,17.300581330519115
753,Right,1.234,48.576,,,,,,,20.847103256437663
754,Right,1.274,132.376,,,,,,,32.73693059718919
755,Right,1.317,1273.718,,,,,,,33.29511773786174
756,Left,1.3659999999999999,456.79400000000004,,,,,,,33.29511773786174
757,Straight,1.4080000000000001,10000.0,,,,,,,33.29511773786174
758,Left,1.4509999999999998,1030.389,,,,,,,33.29511773786174
759,Straight,1.49,10000.0,,,,,,,33.29511773786174
760,Right,1.517,129.986,,,,,,,32.484144327724515
761,Right,1.5519999999999998,57.986000000000004,,,,,,,22.643763239230683
762,Right,1.598,35.038000000000004,,,,,,,17.85760611648484
763,Right,1.633,32.898,,,,,,,17.327345762630085
764,Right,1.633,41.66,,,,,,,19.39037768434659
765,Right,1.615,40.303000000000004,,,,,,,19.088352952001813
766,Right,1.5819999999999999,44.785,,,,,,,20.06485728247189
767,Right,1.541,66.991,,,,,,,24.203868222879564
768,Right,1.507,43.278,,,,,,,19.74313713789006
769,Right,1.5090000000000001,25.705,,,,,,,15.387343917838804
770,Right,1.51,23.074,,,,,,,14.603443424170454
771,Right,1.5,22.764,,,,,,,14.507926699817782
772,Right,1.494,17.991,,,,,,,12.937677157607396
773,Right,1.48,19.477,,,,,,,13.4483573379615
774,Right,1.4409999999999998,25.198,,,,,,,15.239829159359813
775,Right,1.411,19.48,,,,,,,13.449366747593128
776,Right,1.374,20.077,,,,,,,13.648599297328309
777,Right,1.307,47.291000000000004,,,,,,,20.586112606999034
778,Right,1.255,135.968,,,,,,,33.11069097722723
779,Right,1.209,126.21700000000001,,,,,,,32.07860398326857
780,Left,1.157,103.45200000000001,,,,,,,29.427316530589962
781,Left,1.102,22.578000000000003,,,,,,,14.450276489759949
782,Left,1.075,13.06,,,,,,,11.0586289975879
783,Left,1.0590000000000002,10.77,,,,,,,10.057529020237448
784,Left,1.043,10.507,,,,,,,9.93568960524482
785,Left,1.013,10.032,,,,,,,9.711544548910437
786,Left,0.985,9.958,,,,,,,9.676132008862679
787,Left,0.965,10.520999999999999,,,,,,,9.942215117473703
788,Left,0.956,9.937999999999999,,,,,,,9.66653759356642
789,Left,0.956,9.135,,,,,,,9.27268872198581
790,Left,0.95,9.269,,,,,,,9.339625353354805
791,Left,0.9390000000000001,9.238,,,,,,,9.324184838011142
792,Left,0.9279999999999999,9.439,,,,,,,9.423827162655488
793,Left,0.925,10.134,,,,,,,9.760134577755599
794,Left,0.937,9.618,,,,,,,9.511640873282628
795,Left,0.955,9.568999999999999,,,,,,,9.487687387849423
796,Left,0.966,9.935,,,,,,,9.665097566147187
797,Left,0.978,9.692,,,,,,,9.547695780451797
798,Left,0.993,9.715,,,,,,,9.558872903515331
799,Left,1.011,9.943,,,,,,,9.668937137369694
800,Left,1.023,10.043,,,,,,,9.716796968680416
801,Left,1.0190000000000001,9.712,,,,,,,9.557415797610807
802,Left,1.021,9.682,,,,,,,9.542831866748951
803,Left,1.0290000000000001,12.328,,,,,,,10.749413469983688
804,Left,1.034,15.084000000000001,,,,,,,11.86893604627016
805,Left,1.033,12.737,,,,,,,10.923337799885024
806,Left,1.031,11.997,,,,,,,10.606430409355474
807,Left,1.035,13.565999999999999,,,,,,,11.267081085741381
808,Left,1.044,14.812999999999999,,,,,,,11.763920915566946
809,Left,1.055,12.655999999999999,,,,,,,10.88912849952978
810,Left,1.079,12.206,,,,,,,10.696949613785351
811,Left,1.083,13.252,,,,,,,11.138217419524276
812,Left,1.092,12.585,,,,,,,10.859047923545152
813,Left,1.121,12.712,,,,,,,10.912791591339273
814,Left,1.148,15.224,,,,,,,11.922796136595199
815,Left,1.165,17.796,,,,,,,12.869008577863452
816,Left,1.172,19.750999999999998,,,,,,,13.540207371706435
817,Left,1.195,24.38,,,,,,,14.998352175789027
818,Left,1.226,26.283,,,,,,,15.55357819730512
819,Left,1.258,24.974,,,,,,,15.174136093888821
820,Left,1.2890000000000001,25.951,,,,,,,15.458343001367103
821,Left,1.314,30.156,,,,,,,16.618708278844913
822,Left,1.3430000000000002,30.799,,,,,,,16.78802147457685
823,Left,1.369,37.672,,,,,,,18.48563549580701
824,Left,1.396,178.688,,,,,,,33.29511773786174
825,Right,1.412,224.987,,,,,,,33.29511773786174
826,Right,1.4269999999999998,426.788,,,,,,,33.29511773786174
827,Right,1.4509999999999998,1030.718,,,,,,,33.29511773786174
828,Left,1.4809999999999999,643.939,,,,,,,33.29511773786174
829,Left,1.508,196.263,,,,,,,33.29511773786174
830,Left,1.541,71.178,,,,,,,24.88500326243325
831,Left,1.575,41.354,,,,,,,19.322774338229742
832,Left,1.594,41.428000000000004,,,,,,,19.339149328656507
833,Left,1.588,43.028,,,,,,,19.68913808394588
834,Left,1.538,41.333999999999996,,,,,,,19.318345755612768
835,Left,1.479,33.099000000000004,,,,,,,17.377964140754322
836,Left,1.4240000000000002,22.368000000000002,,,,,,,14.384876214597837
837,Left,1.393,17.904,,,,,,,12.907089858330252
838,Left,1.3719999999999999,17.378,,,,,,,12.720442947051547
839,Left,1.349,23.837,,,,,,,14.83559821140136
840,Left,1.307,30.599,,,,,,,16.735571377403335
841,Left,1.3030000000000002,25.97,,,,,,,15.46381123872436
842,Left,1.3090000000000002,26.21,,,,,,,15.532694995037438
843,Left,1.32,40.592,,,,,,,19.153161662889126
844,Left,1.338,105.109,,,,,,,29.63325462255984
845,Right,1.354,538.17,,,,,,,33.29511773786174
846,Right,1.3330000000000002,93.135,,,,,,,28.091997399756398
847,Right,1.2930000000000001,43.795,,,,,,,19.85423396570889
848,Right,1.26,22.193,,,,,,,14.330120601604522
849,Right,1.238,15.097999999999999,,,,,,,11.874333938922105
850,Right,1.2209999999999999,13.669,,,,,,,11.309008923005008
851,Right,1.202,15.265999999999998,,,,,,,11.93890294749092
852,Right,1.1840000000000002,16.197,,,,,,,12.290077785143488
853,Right,1.1909999999999998,13.509,,,,,,,11.243806210682353
854,Right,1.199,12.493,,,,,,,10.819937501238366
855,Right,1.2,13.998,,,,,,,11.441829817837757
856,Right,1.194,13.161,,,,,,,11.100571958780803
857,Right,1.203,12.875,,,,,,,10.981358224514263
858,Right,1.2,13.815,,,,,,,11.368156399093452
859,Right,1.1909999999999998,13.335999999999999,,,,,,,11.172846553348549
860,Right,1.19,12.224,,,,,,,10.704707412171379
861,Right,1.181,11.633,,,,,,,10.446786249594302
862,Right,1.162,13.120999999999999,,,,,,,11.083981196439677
863,Right,1.146,13.120999999999999,,,,,,,11.083981196439677
864,Right,1.147,11.694,,,,,,,10.47372024407193
865,Right,1.138,11.662,,,,,,,10.459600122975623
866,Right,1.128,12.283,,,,,,,10.730093863062375
867,Right,1.113,12.464,,,,,,,10.807577912235411
868,Right,1.099,12.492,,,,,,,10.819511559217332
869,Right,1.1079999999999999,13.765,,,,,,,11.347937672874492
870,Right,1.141,14.465,,,,,,,11.627565518202681
871,Right,1.171,15.244000000000002,,,,,,,11.930468979396313
872,Right,1.2,18.073,,,,,,,12.966434180866704
873,Right,1.222,16.998,,,,,,,12.583718221657643
874,Right,1.245,14.978,,,,,,,11.827979907098612
875,Right,1.2690000000000001,15.239,,,,,,,11.92855126904908
876,Right,1.286,17.979,,,,,,,12.933462932844506
877,Right,1.294,18.755,,,,,,,13.202948335530007
878,Right,1.298,15.359000000000002,,,,,,,11.974484651388053
879,Right,1.3130000000000002,15.821,,,,,,,12.14957455780676
880,Right,1.328,17.362000000000002,,,,,,,12.714718487463196
881,Right,1.349,18.82,,,,,,,13.22524753158752
882,Right,1.381,21.049,,,,,,,13.966257464317
883,Right,1.4080000000000001,21.89,,,,,,,14.234757818429703
884,Right,1.44,22.368000000000002,,,,,,,14.384876214597837
885,Right,1.48,21.862,,,,,,,14.225909349503965
886,Right,1.5130000000000001,25.455,,,,,,,15.314806607967782
887,Right,1.5319999999999998,25.715999999999998,,,,,,,15.390526634381894
888,Right,1.571,25.168000000000003,,,,,,,15.231049615584013
889,Right,1.6019999999999999,28.116,,,,,,,16.067808418328724
890,Right,1.624,25.127,,,,,,,15.219041612916923
891,Right,1.6540000000000001,25.92,,,,,,,15.449416409060904
892,Right,1.669,31.695999999999998,,,,,,,17.020946684124556
893,Right,1.685,42.083999999999996,,,,,,,19.483576706041433
894,Right,1.7069999999999999,57.781000000000006,,,,,,,22.606573671931233
895,Right,1.739,50.424,,,,,,,21.21537771239747
896,Right,1.784,40.971000000000004,,,,,,,19.237750661248413
897,Right,1.82,50.108000000000004,,,,,,,21.15297890385875
898,Right,1.825,81.525,,,,,,,26.46592235347628
899,Right,1.8559999999999999,95.455,,,,,,,28.400626089547995
900,Right,1.882,94.525,,,,,,,28.27751677252185
901,Right,1.9040000000000001,81.902,,,,,,,26.521024992725952
902,Right,1.9369999999999998,76.477,,,,,,,25.711732845673566
903,Right,1.956,170.106,,,,,,,33.29511773786174
904,Left,1.974,1906.326,,,,,,,33.29511773786174
905,Left,2.0,367.142,,,,,,,33.29511773786174
906,Left,2.011,258.07,,,,,,,33.29511773786174
907,Left,2.037,608.827,,,,,,,33.29511773786174
908,Right,2.063,1249.975,,,,,,,33.29511773786174
909,Straight,2.085,10000.0,,,,,,,33.29511773786174
910,Left,2.099,1292.9669999999999,,,,,,,33.29511773786174
911,Straight,4.252,10000.0,,,,,,,33.29511773786174
912,Right,2.155,1135.762,,,,,,,33.29511773786174
913,Right,2.1319999999999997,1668.3210000000001,,,,,,,33.29511773786174
914,Straight,2.079,10000.0,,,,,,,33.29511773786174
915,Left,1.994,1946.328,,,,,,,33.29511773786174
916,Straight,1.893,10000.0,,,,,,,33.29511773786174
917,Right,1.8159999999999998,538.134,,,,,,,33.29511773786174
918,Right,1.76,324.849,,,,,,,33.29511773786174
919,Right,1.6969999999999998,384.395,,,,,,,33.29511773786174
920,Right,1.618,295.707,,,,,,,33.29511773786174
921,Right,1.5419999999999998,218.24599999999998,,,,,,,33.29511773786174
922,Right,1.4780000000000002,246.74099999999999,,,,,,,33.29511773786174
923,Right,1.413,325.621,,,,,,,33.29511773786174
924,Right,1.3459999999999999,221.71400000000003,,,,,,,33.29511773786174
925,Right,1.271,131.656,,,,,,,32.66112756402725
926,Right,1.207,101.785,,,,,,,29.217852632362483
927,Right,1.155,85.119,,,,,,,26.984658893427774
928,Right,1.1079999999999999,36.063,,,,,,,18.105091153129163
929,Right,1.069,15.677,,,,,,,12.095295607202656
930,Right,1.045,11.458,,,,,,,10.369104144134788
931,Right,1.023,11.554,,,,,,,10.411794518636274
932,Right,0.9790000000000001,9.706,,,,,,,9.554500884560797
933,Right,0.9570000000000001,8.729,,,,,,,9.066715991065644
934,Right,0.9359999999999999,8.933,,,,,,,9.170815531274176
935,Right,0.909,8.041,,,,,,,8.706029215358773
936,Right,0.898,7.846,,,,,,,8.600925804340966
937,Right,0.882,7.933,,,,,,,8.647982614444688
938,Right,0.862,7.796,,,,,,,8.573759867044842
939,Right,0.848,8.506,,,,,,,8.951470668796373
940,Right,0.8440000000000001,9.772,,,,,,,9.586513652371638
941,Right,0.8640000000000001,10.647,,,,,,,10.000742362848959
942,Right,0.9009999999999999,9.766,,,,,,,9.583608049427125
943,Right,0.941,13.525,,,,,,,11.25034472159848
944,Right,0.96,24.605999999999998,,,,,,,15.065506526418552
945,Right,0.963,23.456999999999997,,,,,,,14.720492221766795
946,Right,0.976,107.594,,,,,,,29.93797108747476
947,Left,1.053,27.115,,,,,,,15.78936503530761
948,Left,1.111,17.410999999999998,,,,,,,12.73224076232343
949,Left,1.136,18.395,,,,,,,13.078687573829237
950,Left,1.149,25.180999999999997,,,,,,,15.234854789318106
951,Left,1.19,23.623,,,,,,,14.770899639123968
952,Left,1.2329999999999999,23.002,,,,,,,14.581321509454087
953,Left,1.275,30.979,,,,,,,16.83506394177631
954,Left,1.3159999999999998,52.941,,,,,,,21.704278080974525
955,Left,1.351,268.074,,,,,,,33.29511773786174
956,Right,1.3869999999999998,282.497,,,,,,,33.29511773786174
957,Right,1.4240000000000002,185.933,,,,,,,33.29511773786174
958,Right,1.4669999999999999,126.344,,,,,,,32.09240968570762
959,Right,1.511,111.695,,,,,,,30.43040653093966
960,Right,1.556,110.99799999999999,,,,,,,30.347606143143675
961,Right,1.595,120.484,,,,,,,31.444792683198507
962,Right,1.6059999999999999,252.481,,,,,,,33.29511773786174
963,Left,1.5759999999999998,521.101,,,,,,,33.29511773786174
964,Left,1.521,141.464,,,,,,,33.29511773786174
965,Left,1.4569999999999999,103.895,,,,,,,29.482593612507486
966,Left,1.399,221.093,,,,,,,33.29511773786174
967,Left,1.3330000000000002,93.199,,,,,,,28.100579690778986
968,Left,1.261,26.529,,,,,,,15.623717399693918
969,Left,1.209,18.483,,,,,,,13.109181991960474
