,x,y,s,R
0,0.7878180684470873,0.11649161524343205,0.11908151604398312,5.0
1,0.6688972526632342,0.12267603410346027,0.11886368537399362,5.0
2,0.5503474169699676,0.13130807660725022,0.11869915781405052,5.0
3,0.4321627172009693,0.14234740658132988,0.11858564479094594,5.0
4,0.3143373091899211,0.15575368785222718,0.11852082312291304,6.0
5,0.19686534877050504,0.17148658424647026,0.1185023446239097,6.0
6,0.07974099177640312,0.18950575959058705,0.11852784544653673,6.0
7,-0.037041605958702636,0.20977087771110564,0.11859495506986538,6.0
8,-0.15348828860113087,0.232241602434554,0.11870130485211271,6.0
9,-0.2696049003171992,0.25687759758746026,0.11884453608236378,6.0
10,-0.3853972852732254,0.2836385269963522,0.11902230747984406,6.0
11,-0.5008712876355281,0.3124840544877581,0.11923230210321689,7.0
12,-0.6160327515704259,0.3433738438882059,0.11947223364561863,7.0
13,-0.7308875212442353,0.3762675590242237,0.11973985210337668,7.0
14,-0.8454414408232757,0.4111248637223393,0.12003294881733534,7.0
15,-0.9597003544738651,0.447905421809081,0.12034936089542166,7.0
16,-1.0736701063623209,0.4865688971109766,0.12068697503328138,8.0
17,-1.187356540654961,0.5270749534545541,0.12104373075663817,8.0
18,-1.3007655015181052,0.5693832546663419,0.12141762311446243,8.0
19,-1.41390283311807,0.6134534645728675,0.12180670485616336,9.0
20,-1.5267743796211737,0.6592452470006592,0.12220908812890018,9.0
21,-1.6393859851937351,0.7067182657762452,0.12262294573297998,9.0
22,-1.7517434940020709,0.755832184726153,0.1230465119742067,10.0
23,-1.8638527502125009,0.8065466676769113,0.12347808315208139,10.0
24,-1.9757195979913424,0.8588213784550477,0.123916017722252,10.0
25,-2.0873498815049123,0.91261598088709,0.12435873617040853,11.0
26,-2.1987494449195317,0.9678901387995671,0.12480472063327942,11.0
27,-2.3099241324015147,1.0246035160190057,0.12525251430059348,12.0
28,-2.4208797881171824,1.0827157763719346,0.12570072062961313,12.0
29,-2.5316222562328528,1.1421865836848826,0.12614800240179588,13.0
30,-2.642157380914842,1.2029756017843765,0.12659308064870273,13.0
31,-2.7524910063294703,1.2650424944969445,0.1270347334719747,14.0
32,-2.8626289766430535,1.3283469256491152,0.1274717947799735,14.0
33,-2.9725771360219118,1.392848559067416,0.12790315296135066,15.0
34,-3.0823413286323618,1.4585070585783757,0.12832774951379106,16.0
35,-3.1919273986407233,1.5252820880085212,0.12874457764407132,17.0
36,-3.301341190213312,1.5931333111843815,0.12915268085376597,18.0
37,-3.4105885475164484,1.662020391932484,0.129551151523115,18.0
38,-3.5196753147164483,1.7319029940793569,0.1299391295040397,19.0
39,-3.6286073359796314,1.8027407814515288,0.13031580073173615,21.0
40,-3.7373904554723136,1.8744934178755264,0.13068039586305236,22.0
41,-3.8460305173608167,1.9471205671778795,0.13103218894853225,23.0
42,-3.9545333658114568,2.0205818931851147,0.13137049614410204,25.0
43,-4.062904844990554,2.094837059723761,0.13169467446724448,26.0
44,-4.171150799064419,2.1698457306203456,0.1320041206018675,28.0
45,-4.2792770721993785,2.245567569701396,0.13229826975511316,30.0
46,-4.3872895085617465,2.3219622407934435,0.13257659456898102,32.0
47,-4.495193952317843,2.3989894077230107,0.13283860408885473,35.0
48,-4.602996247633984,2.4766087343166308,0.13308384279067972,38.0
49,-4.710702238676489,2.5547798844008285,0.1333118896681276,41.0
50,-4.818317769611674,2.633462521802133,0.13352235738071758,45.0
51,-4.925848684605861,2.7126163103470726,0.13371489146359514,50.0
52,-5.033300827825365,2.792200913862176,0.1338891695994932,55.0
53,-5.140680043436506,2.872175996173969,0.13404490095314014,63.0
54,-5.2479921756055985,2.952501221108981,0.1341818255683154,72.0
55,-5.355243068498966,3.033136252493741,0.13429971382758085,84.0
56,-5.4624385662829225,3.114040754154773,0.1343983659747573,102.0
57,-5.569584513123788,3.195174389918612,0.1344776116999613,128.0
58,-5.6766867531878775,3.2764968236117795,0.13453730978728634,171.0
59,-5.7837511306415115,3.357967719060805,0.13457734782489342,259.0
60,-5.89078348965101,3.4395467400922204,0.13459764197752047,530.0
61,-5.997789674382688,3.521193550532548,0.13459813682138633,12491.0
62,-6.104775529002863,3.6028678142083197,0.13457880524137686,488.0
63,-6.211746897677858,3.6845291949460632,0.1345396483906155,248.0
64,-6.3187096245739856,3.7661373565723055,0.13448069571251065,166.0
65,-6.425669553857567,3.847651962913575,0.1344020050253035,125.0
66,-6.53263252969492,3.929032677796399,0.13430366266939792,100.0
67,-6.639604396252363,4.010239165047309,0.13418578371760895,83.0
68,-6.7465909976962095,4.091231088492825,0.1340485122486724,71.0
69,-6.853598178192785,4.171968111959484,0.13389202168417075,62.0
70,-6.9606317819084005,4.252409899273808,0.13371651518940553,55.0
71,-7.06769765300938,4.3325161142623285,0.13352222613830894,49.0
72,-7.174801635662037,4.412246420751574,0.13330941864291718,44.0
73,-7.2819495740326925,4.491560482568069,0.13307838814758097,40.0
74,-7.389147312287664,4.5704179635383415,0.1328294620882193,37.0
75,-7.496400694593269,4.648778527488925,0.13256300061675996,34.0
76,-7.603715565115827,4.726601838246342,0.13227939739086433,32.0
77,-7.711097768021654,4.803847559637123,0.13197908042882792,29.0
78,-7.8185531474770675,4.8804753554877935,0.13166251302938173,27.0
79,-7.926087547648388,4.956444889624883,0.13133019475590293,26.0
80,-8.033706812701935,5.031715825874925,0.130982662484201,24.0
81,-8.141416786804022,5.106247828064439,0.13062049151278782,23.0
82,-8.24922331412097,5.180000560019957,0.13024429673391794,21.0
83,-8.357132238819094,5.2529336855680056,0.1298547338634403,20.0
84,-8.465149405064718,5.325006868535113,0.12945250072665784,19.0
85,-8.573280657024156,5.396179772747811,0.12903833859690628,18.0
86,-8.681531838863728,5.466412062032624,0.12861303358260387,17.0
87,-8.78990879474975,5.535663400216081,0.1281774180577268,16.0
88,-8.898417368848534,5.603893451124708,0.1277323721295626,16.0
89,-9.007063405326411,5.671061878585032,0.12727882513639519,15.0
90,-9.115852748349695,5.7371283464235905,0.12681775716657603,14.0
91,-9.224791242084699,5.8020525184669,0.12635020058886187,13.0
92,-9.333884730697743,5.8657940585414945,0.12587724158218144,13.0
93,-9.443139058355149,5.928312630473899,0.12540002165148414,12.0
94,-9.552560069223233,5.9895678980906455,0.12491973911405173,12.0
95,-9.662153607468307,6.049519525218258,0.12443765053881312,11.0
96,-9.7719255172567,6.1081271756832685,0.12395507211862035,11.0
97,-9.881881642754724,6.165350513312203,0.12347338095346781,10.0
98,-9.992027828128695,6.2211492019315875,0.12299401621970286,10.0
99,-10.102369917544936,6.275482905367952,0.12251848019789309,10.0
100,-10.212913755169764,6.328311287447827,0.12204833912941046,9.0
101,-10.323665185169496,6.379594011997737,0.12158522386901052,9.0
102,-10.434630051710446,6.429290742844207,0.1211308302982724,9.0
103,-10.545814198958936,6.4773611438137735,0.12068691946222818,8.0
104,-10.65722347108129,6.5237648787329565,0.12025531738956687,8.0
105,-10.768863712243817,6.56846161142829,0.11983791455484556,8.0
106,-10.880740766612837,6.611411005726301,0.11943666493993266,7.0
107,-10.992860478354672,6.6525727254535125,0.11905358465124304,7.0
108,-11.105228691635633,6.69190643443646,0.11869075004955054,7.0
109,-11.217851250622045,6.729371796501664,0.11835029535003161,7.0
110,-11.33073399948023,6.764928475475657,0.11803441079910171,7.0
111,-11.44388278147349,6.7985361422517485,0.11774748035585118,7.0
112,-11.557301557125404,6.830169201853571,0.11749692712351585,7.0
113,-11.670988438533778,6.859847828491393,0.11728295910594329,7.0
114,-11.784940405526493,6.887601057405115,0.11710432417184964,7.0
115,-11.899154437931411,6.913457923834633,0.11695975160644394,7.0
116,-12.01362751557643,6.937447463019844,0.1168479557415979,7.0
117,-12.12835661828941,6.959598710200645,0.11676763954222964,7.0
118,-12.243338725898235,6.979940700616933,0.11671749812142783,7.0
119,-12.358570818230787,6.998502469508607,0.11669622216009251,7.0
120,-12.474049875114934,7.015313052115568,0.11670250120913218,7.0
121,-12.589772876378564,7.030401483677707,0.11673502685516059,8.0
122,-12.705736801849547,7.043796799434923,0.11679249573378744,8.0
123,-12.821938631355765,7.0555280346271125,0.1168736123771368,8.0
124,-12.938375344725086,7.065624224494175,0.11697709188557409,8.0
125,-13.0550439217854,7.074114404276007,0.11710166241585868,8.0
126,-13.17194134236457,7.081027609212509,0.11724606748117959,9.0
127,-13.289064586290483,7.08639287454357,0.11740906806034898,9.0
128,-13.406410633391024,7.090239235509096,0.11758944451610494,9.0
129,-13.523976463494055,7.092595727348981,0.11778599832444377,9.0
130,-13.641759056427455,7.093491385303119,0.11799755361828264,9.0
131,-13.759755392019109,7.092955244611415,0.11822295855080343,10.0
132,-13.877962450096895,7.091016340513762,0.11846108648479432,10.0
133,-13.996377210488678,7.087703708250053,0.11871083701550811,10.0
134,-14.114996653022347,7.083046383060192,0.11897113683517678,11.0
135,-14.233817757525781,7.077073400184076,0.11924094044834939,11.0
136,-14.35283750382684,7.069813794861597,0.11951923074738313,11.0
137,-14.472052871753426,7.061296602332658,0.11980501945752874,12.0
138,-14.591460841133394,7.051550857837154,0.1200973474619212,12.0
139,-14.711058391794634,7.040605596614982,0.1203952850156932,13.0
140,-14.830842503565021,7.0284898539060405,0.12069793185939856,13.0
141,-14.950810156272432,7.015232664950228,0.12100441724095673,13.0
142,-15.070958329744744,7.000863064987437,0.12131389985539817,14.0
143,-15.191284003809832,6.985410089257568,0.12162556771130564,14.0
144,-15.311784158295572,6.968902773000518,0.12193863793234642,15.0
145,-15.432455773029854,6.951370151456188,0.12225235650190241,16.0
146,-15.553295827840545,6.932841259864472,0.12256599795852674,16.0
147,-15.674301302555516,6.9133451334652625,0.12287886504909952,17.0
148,-15.795469177002655,6.892910807498466,0.12319028834641954,18.0
149,-15.916796431009836,6.871567317203974,0.12349962583739736,18.0
150,-16.038280044404928,6.849343697821685,0.12380626248749454,19.0
151,-16.15991699701583,6.826268984591497,0.12410960978646754,20.0
152,-16.281704268670396,6.802372212753308,0.1244091052806003,21.0
153,-16.40363883919652,6.7776824175470125,0.1247042120951569,22.0
154,-16.52571768842207,6.752228634212513,0.12499441845165625,23.0
155,-16.647937796174926,6.726039897989701,0.12527923718297423,24.0
156,-16.770296142282966,6.699145244118477,0.12555820524984448,26.0
157,-16.892789706574064,6.671573707838742,0.1258308832614632,27.0
158,-17.015415468876096,6.643354324390384,0.12609685500277665,29.0
159,-17.13817040901695,6.614516129013307,0.1263557269707166,30.0
160,-17.261051506824494,6.585088156947408,0.12660712792150225,32.0
161,-17.384055742126606,6.5550994434325816,0.12685070843057,35.0
162,-17.507180094751167,6.524579023708728,0.12708614046685532,37.0
163,-17.630421544526055,6.493555933015744,0.12731311698268552,40.0
164,-17.75377707127914,6.4620592065935245,0.12753135152048709,43.0
165,-17.8772436548383,6.430117879681969,0.12774057783724121,47.0
166,-18.00081827503142,6.397760987520977,0.12794054954758455,51.0
167,-18.12449791168637,6.365017565350442,0.1281310397863436,56.0
168,-18.24827954463104,6.331916648410265,0.128311840890864,62.0
169,-18.37216015369329,6.2984872719403375,0.12848276410400358,69.0
170,-18.496136718701006,6.264758471180563,0.1286436392977895,79.0
171,-18.620206219482068,6.230759281370834,0.12879431471834274,91.0
172,-18.74436563586435,6.196518737751052,0.12893465675220434,107.0
173,-18.868611947675728,6.162065875561112,0.12906454971427256,131.0
174,-18.99294213474408,6.127429730040912,0.1291838956574032,167.0
175,-19.11735317689728,6.0926393364303495,0.12929261420389837,231.0
176,-19.24184205396321,6.0577237299693225,0.12939064239870873,370.0
177,-19.36640574576975,6.022711945897727,0.12947793458454812,929.0
178,-19.491041232144774,5.987633019455462,0.12955446229870818,1847.0
179,-19.615745492916158,5.952515985882423,0.12962021419156958,464.0
180,-19.740515507911773,5.917389880418504,0.12967519596672022,265.0
181,-19.865348256959514,5.882283738303611,0.12971943034239636,186.0
182,-19.990240719887247,5.847226594777637,0.12975295703433495,143.0
183,-20.115189876522848,5.812247485080477,0.12977583275956525,116.0
184,-20.240192706694195,5.777375444452031,0.12978813126109234,98.0
185,-20.365246190229165,5.742639508132196,0.12978994335315044,84.0
186,-20.490347306955634,5.708068711360871,0.12978137698675712,74.0
187,-20.615493036701487,5.6736920893779486,0.12976255733521166,66.0
188,-20.7406803592946,5.639538677423331,0.12973362689925264,59.0
189,-20.865906254562848,5.605637510736911,0.12969474563140534,54.0
190,-20.991167702334106,5.57201762455859,0.12964609107909147,50.0
191,-21.116461682436245,5.538708054128264,0.1295878585460599,46.0
192,-21.24178517469716,5.505737834685832,0.12952026127142122,42.0
193,-21.367135158944713,5.473136001471188,0.12944353062597372,40.0
194,-21.49250861500679,5.440931589724232,0.129357916324745,37.0
195,-21.617902522711255,5.409153634684862,0.12926368665540314,35.0
196,-21.743313861886,5.3778311715929705,0.12916112872122174,33.0
197,-21.868739612358898,5.346993235688458,0.12905054869816607,31.0
198,-21.99417675395783,5.316668862211222,0.1289322721045638,29.0
199,-22.11962226651067,5.2868870864011654,0.1288066440825668,28.0
200,-22.245073129845284,5.257676943498174,0.12867402968990202,26.0
201,-22.37052632378957,5.229067468742152,0.12853481420043944,25.0
202,-22.495978828171392,5.201087697372996,0.12838940341225466,24.0
203,-22.621427622818626,5.173766664630604,0.1282382239611519,23.0
204,-22.746869687559162,5.147133405754873,0.1280817236377945,22.0
205,-22.872302002220856,5.121216955985699,0.1279203717065705,21.0
206,-22.99772154663161,5.096046350562982,0.12775465922338755,20.0
207,-23.123125300619282,5.071650624726615,0.12758509935048146,19.0
208,-23.24851024401176,5.0480588137165,0.1274122276649112,19.0
209,-23.37387335663692,5.025299952772532,0.1272366024581787,18.0
210,-23.49921161832264,5.0034030771346085,0.1270588050234632,17.0
211,-23.624522008896786,4.982397222042626,0.1268794456739767,17.0
212,-23.749801510158267,4.962311398728404,0.12670136831614992,17.0
213,-23.87504788741365,4.943165074862269,0.12653042954856197,17.0
214,-24.000260881358923,4.924953656767984,0.1263673707451977,17.0
215,-24.1254405391652,4.907668817730337,0.12621203901980782,17.0
216,-24.250586908003665,4.89130223103413,0.12606428094271713,17.0
217,-24.375700035045444,4.875845569964156,0.12592394263086543,17.0
218,-24.500779967461682,4.861290507805208,0.12579086983676094,18.0
219,-24.62582675242352,4.847628717842082,0.12566490803661648,18.0
220,-24.750840437102124,4.834851873359575,0.12554590251728012,18.0
221,-24.87582106866862,4.822951647642482,0.12543369846214714,18.0
222,-25.00076869429417,4.811919713975592,0.12532814103555603,18.0
223,-25.12568336114992,4.801747745643708,0.12522907546586123,18.0
224,-25.250565116407014,4.792427415931623,0.1251363471269756,18.0
225,-25.375414007236586,4.78395039812413,0.125049801618276,18.0
226,-25.5002300808098,4.7763083655060266,0.12496928484268967,19.0
227,-25.625013384297773,4.769492991362103,0.12489464308326818,19.0
228,-25.749763964871693,4.763495948977161,0.12482572307745689,19.0
229,-25.87448186970268,4.7583089116359885,0.12476237208993274,19.0
230,-25.9991671459619,4.753923552623387,0.12470443798302865,19.0
231,-26.12381984082048,4.75033154522415,0.12465176928540274,20.0
232,-26.24844000144957,4.747524562723072,0.12460421525848793,20.0
233,-26.373027675020317,4.745494278404946,0.12456162596084216,20.0
234,-26.49758290870388,4.744232365554568,0.12452385231032737,20.0
235,-26.622105749671377,4.743730497456737,0.12449074614427771,20.0
236,-26.746596245093986,4.743980347396243,0.12446216027714942,21.0
237,-26.87105444214284,4.744973588657884,0.12443794855633734,21.0
238,-26.99548038798909,4.7467018945264545,0.1244179659154772,21.0
239,-27.11987412980386,4.749156938286749,0.12440206842583397,21.0
240,-27.24423571475834,4.752330393223564,0.12439011334508134,22.0
241,-27.36856519002364,4.756213932621691,0.12438195916436086,22.0
242,-27.492862602770906,4.760799229765929,0.12437746565285558,22.0
243,-27.61712800017131,4.766077957941072,0.12437649390018463,22.0
244,-27.74136142939599,4.772041790431917,0.12437890635686262,23.0
245,-27.865562937616076,4.7786824005232535,0.1243845668725639,23.0
246,-27.98973257200273,4.785991461499883,0.12439334073218532,23.0
247,-28.113870379727093,4.793960646646597,0.12440509469004651,24.0
248,-28.237976407960304,4.802581629248189,0.12441969700202224,24.0
249,-28.36205070387353,4.811846082589457,0.12443701745560488,24.0
250,-28.486093314637905,4.821745679955197,0.12445692739821959,25.0
251,-28.610104287424573,4.832272094630201,0.12447929976355741,25.0
252,-28.73408366940468,4.843416999899266,0.12450400909608299,25.0
253,-28.858031507749384,4.855172069047186,0.12453093157372212,26.0
254,-28.981947849629808,4.867528975358758,0.12455994502901342,26.0
255,-29.10583274221713,4.880479392118777,0.12459092896821201,26.0
256,-29.229686232682475,4.894014992612036,0.12462376458920223,27.0
257,-29.353508368196998,4.908127450123329,0.12465833479745221,27.0
258,-29.47729919593183,4.922808437937456,0.12469452422073908,28.0
259,-29.60105876305814,4.938049629339208,0.12473221922215785,28.0
260,-29.724787116747066,4.953842697613381,0.12477130791193153,29.0
261,-29.848484304169745,4.970179316044772,0.12481168015776253,29.0
262,-29.972150372497328,4.987051157918172,0.12485322759388802,30.0
263,-30.095785368900987,5.004449896518381,0.1248958436288121,30.0
264,-30.219389340551828,5.02236720513019,0.12493942345213416,31.0
265,-30.34296233462101,5.040794757038396,0.12498386403986421,31.0
266,-30.466504398279685,5.059724225527794,0.1250290641589091,32.0
267,-30.590015578699013,5.079147283883182,0.1250749243704068,32.0
268,-30.71349592305013,5.099055605389349,0.1251213470321982,33.0
269,-30.83694547850417,5.119440863331094,0.1251682363002898,34.0
270,-30.96036429223229,5.140294730993212,0.12521549812943472,34.0
271,-31.08375241140563,5.161608881660496,0.12526304027295643,35.0
272,-31.207109883195344,5.183374988617744,0.12531077228174656,36.0
273,-31.330436754772574,5.205584725149748,0.12535860550258618,36.0
274,-31.45373307330848,5.2282297645413065,0.1254064530757045,37.0
275,-31.5769988859742,5.2513017800772115,0.12545422993182853,38.0
276,-31.70023423994086,5.2747924450422605,0.1255018527885994,39.0
277,-31.823439182379627,5.298693432721247,0.1255492401463513,40.0
278,-31.94661376046166,5.322996416398966,0.12559631228349508,41.0
279,-32.069758021358076,5.347693069360214,0.1256429912515252,42.0
280,-32.192872012240045,5.372775064889785,0.12568920086934798,43.0
281,-32.31595578027869,5.398234076272472,0.12573486671756381,44.0
282,-32.439009372645195,5.424061776793077,0.12577991613202852,45.0
283,-32.56203283651066,5.4502498397363865,0.1258242781975902,46.0
284,-32.685026219046264,5.476789938387204,0.1258678837410231,47.0
285,-32.807989567423135,5.5036737460303184,0.12591066532422143,48.0
286,-32.93092292881245,5.530892935950525,0.12595255723674442,49.0
287,-33.05382635038531,5.55843918143262,0.1259934954887091,51.0
288,-33.1766998793129,5.586304155761401,0.12603341780292981,52.0
289,-33.299543562766345,5.614479532221661,0.12607226360753623,54.0
290,-33.422357447916795,5.642956984098194,0.12610997402814705,55.0
291,-33.54514158193542,5.671728184675798,0.1261464918800212,57.0
292,-33.66789601199332,5.700784807239264,0.12618176166047368,59.0
293,-33.79062078526167,5.73011852507339,0.12621572954088917,61.0
294,-33.913315948911645,5.7597210114629736,0.12624834335894322,63.0
295,-34.035981550114336,5.789583939692805,0.12627955261108448,65.0
296,-34.15861763604091,5.8196989830476795,0.12630930844469182,67.0
297,-34.28122425386253,5.850057814812398,0.12633756365050197,70.0
298,-34.40380145075032,5.880652108271747,0.1263642726553287,72.0
299,-34.52634927387543,5.911473536710528,0.12638939151459283,75.0
300,-34.64886777040902,5.942513773413531,0.12641287790520825,78.0
301,-34.77135698752224,5.973764491665559,0.12643469111853867,81.0
302,-34.89381697238622,6.0052173647514016,0.12645479205365995,85.0
303,-35.0162477721721,6.036864065955852,0.12647314321071992,89.0
304,-35.13864943405106,6.068696268563713,0.12648970868441223,93.0
305,-35.261022005194214,6.100705645859772,0.1265044541580145,98.0
306,-35.383365532772714,6.132883871128824,0.12651734689732,103.0
307,-35.505680063957726,6.16522261765567,0.12652835574495208,109.0
308,-35.627965645920376,6.197713558725098,0.1265374511150717,115.0
309,-35.750222325831814,6.230348367621911,0.12654460498817557,122.0
310,-35.872450150863195,6.263118717630899,0.12654979090625523,130.0
311,-35.994649168185646,6.296016282036858,0.126552983968377,140.0
312,-36.116819424970345,6.329032734124582,0.12655416082628304,150.0
313,-36.238960968388405,6.362159747178869,0.12655329968073123,163.0
314,-36.361073845611,6.395388994484513,0.12655038027770713,177.0
315,-36.483158103809274,6.428712149326308,0.12654538390533732,195.0
316,-36.605213790154345,6.462120884989048,0.1265382933910246,216.0
317,-36.727240951817386,6.495606874757532,0.12652909309881033,242.0
318,-36.849239635969546,6.529161791916554,0.12651776892727865,276.0
319,-36.97120988978196,6.5627773097509055,0.12650430830777243,320.0
320,-37.09315176042577,6.5964451015453855,0.12648870020294298,382.0
321,-37.21506529507213,6.630156840584787,0.12647093510566812,472.0
322,-37.33695054089218,6.6639042001539055,0.12645100503841694,619.0
323,-37.45880754505707,6.697678853537536,0.12642890355297676,898.0
324,-37.58063635473796,6.7314724740204746,0.12640462573044747,1639.0
325,-37.70243701710598,6.7652767348875145,0.12637816818189565,9334.0
326,-37.824209579332276,6.7990833094234535,0.126349529049118,2523.0
327,-37.94595408858801,6.8328838709130855,0.12631870800593512,1110.0
328,-38.06767059204431,6.866670092641205,0.1262857062599523,716.0
329,-38.189359136872326,6.900433647892606,0.126250576678938,608.0
330,-38.311019774086695,6.934166383689724,0.12621451033068318,610.0
331,-38.432652645779704,6.967864264064104,0.12617871545504672,615.0
332,-38.55425798663421,7.001527438447169,0.12614324596606,621.0
333,-38.675836035479286,7.035156243687303,0.12610810170772258,627.0
334,-38.797387031143906,7.068751016632879,0.12607328252552927,633.0
335,-38.9189112124571,7.102312094132277,0.1260387882662483,639.0
336,-39.040408818247826,7.1358398130338765,0.12600461877814675,645.0
337,-39.16188008734513,7.169334510186053,0.12597077391076175,652.0
338,-39.283325258578,7.202796522437184,0.1259372535150717,658.0
339,-39.404744570775435,7.236226186635648,0.12590405744349267,665.0
340,-39.52613826276647,7.269623839629822,0.12587118554970264,672.0
341,-39.64750657338007,7.302989818268085,0.12583863768896508,679.0
342,-39.76884974144527,7.336324459398817,0.12580641371777235,686.0
343,-39.89016800579103,7.369628099870387,0.12577451349422825,694.0
344,-40.0114616052464,7.402901076531185,0.12574293687770416,701.0
345,-40.132730778640386,7.436143726229581,0.12571168372904137,709.0
346,-40.25397576480197,7.469356385813955,0.12568075391055186,717.0
347,-40.375196802560176,7.502539392132684,0.12565014728592006,725.0
348,-40.49639413074397,7.535693082034148,0.12561986372038206,733.0
349,-40.61756798818241,7.5688177923667235,0.12558990308049264,742.0
350,-40.738718613704464,7.601913859978786,0.12556026523431857,750.0
351,-40.859846246139114,7.634981621718715,0.1255309500514865,759.0
352,-40.98095112431543,7.668021414434892,0.12550195740288814,769.0
353,-41.102033487062386,7.701033574975691,0.12547328716101663,778.0
354,-41.22309357320897,7.734018440189488,0.12544493919983324,788.0
355,-41.344131621584204,7.766976346924665,0.12541691339475036,798.0
356,-41.465147871017095,7.7999076320296,0.12538920962264835,808.0
357,-41.58614256033663,7.832812632352666,0.12536182776195823,818.0
358,-41.70711592837184,7.865691684742247,0.12533476769252902,829.0
359,-41.82806821395171,7.8985451260467165,0.12530802929577456,840.0
360,-41.948999655905254,7.9313732931144525,0.12528161245454209,852.0
361,-42.06991049306145,7.9641765227938315,0.1252555170533124,864.0
362,-42.190800964249355,7.996955151933238,0.12522974297790207,876.0
363,-42.31167130829794,8.029709517381045,0.1252042901157731,888.0
364,-42.4325217640362,8.062439955985631,0.12517915835587837,901.0
365,-42.55335257029316,8.095146804595371,0.12515434758869307,914.0
366,-42.67416396589781,8.127830400058647,0.12512985770622054,928.0
367,-42.794956189679176,8.16049107922384,0.12510568860198754,942.0
368,-42.915729480466254,8.193129178939317,0.12508184017104862,957.0
369,-43.03648407708802,8.225745036053466,0.12505831231006562,972.0
370,-43.157220218373496,8.258338987414652,0.12503510491722594,988.0
371,-43.27793814315172,8.290911369871269,0.12501221789216546,1004.0
372,-43.39863809025166,8.32346252027169,0.124989651136233,1021.0
373,-43.51932029850234,8.355992775464289,0.1249674045521919,1038.0
374,-43.63998500673274,8.388502472297443,0.12494547804447857,1056.0
375,-43.76063245377187,8.420991947619532,0.12492387151907473,1074.0
376,-43.88126287844875,8.453461538278937,0.12490258488349647,1094.0
377,-44.00187651959241,8.48591158112403,0.12488161804678248,1114.0
378,-44.12247361603178,8.518342413003191,0.12486097091971318,1135.0
379,-44.243054406595924,8.5507543707648,0.12484064341452605,1156.0
380,-44.36361913011385,8.583147791257234,0.12482063544502954,1179.0
381,-44.484168025414526,8.61552301132887,0.12480094692669116,1202.0
382,-44.604701331326964,8.647880367828085,0.1247815777765627,1227.0
383,-44.725219286680186,8.680220197603258,0.12476252791324921,1252.0
384,-44.845722130303194,8.712542837502765,0.12474379725696418,1279.0
385,-44.96621010102498,8.744848624374987,0.12472538572958208,1306.0
386,-45.08668343767457,8.777137895068302,0.12470729325445129,1335.0
387,-45.207142379080935,8.809410986431082,0.12468951975671248,1366.0
388,-45.327587164073115,8.841668235311714,0.12467206516294481,1398.0
389,-45.448018031480096,8.873909978558563,0.12465492940144167,1431.0
390,-45.56843522013088,8.906136553020023,0.12463811240208868,1466.0
391,-45.688838968854476,8.938348295544461,0.12462161409637762,1503.0
392,-45.80922951647988,8.970545542980252,0.12460543441747475,1542.0
393,-45.929607101836126,9.002728632175785,0.12458957330009537,1583.0
394,-46.049971963752206,9.034897899979432,0.12457403068060913,1626.0
395,-46.1703243410571,9.067053683239571,0.12455880649707056,1671.0
396,-46.29066447257984,9.099196318804577,0.12454390068909493,1720.0
397,-46.41099259714941,9.13132614352283,0.12452931319801368,1771.0
398,-46.531308953594845,9.163443494242712,0.12451504396667269,1825.0
399,-46.65161378074511,9.195548707812591,0.12450109293970345,1883.0
400,-46.771907317429225,9.22764212108086,0.1244874600633066,1945.0
401,-46.89218980247622,9.25972407089588,0.12447414528530276,2011.0
402,-47.01246147471507,9.291794894106038,0.12446114855524729,2082.0
403,-47.132722572974814,9.323854927559717,0.12444846982419322,2158.0
404,-47.252973336084395,9.35590450810528,0.12443610904505666,2240.0
405,-47.37321400287286,9.387943972591119,0.12442406617226412,2328.0
406,-47.493444812169216,9.419973657865603,0.12441234116191575,2423.0
407,-47.61366600280247,9.451993900777113,0.12440093397176465,2527.0
408,-47.73387781360159,9.484005038174026,0.1243898445613104,2641.0
409,-47.85408048339561,9.516007406904722,0.12437907289160127,2765.0
410,-47.97427425101353,9.548001343817576,0.12436861892542722,2901.0
411,-48.094459355284364,9.579987185760967,0.12435848262720998,3051.0
412,-48.21463603503712,9.611965269583273,0.12434866396305173,3218.0
413,-48.33480452910081,9.643935932132877,0.12433916290063005,3405.0
414,-48.45496507630437,9.675899510258146,0.12432997940954035,3615.0
415,-48.575117915476895,9.707856340807464,0.1243211134607238,3852.0
416,-48.69526328544731,9.739806760629213,0.12431256502709946,4122.0
417,-48.81540142504469,9.771751106571763,0.12430433408301257,4434.0
418,-48.935532573097994,9.803689715483493,0.1242964206046331,4797.0
419,-49.055656968436224,9.835622924212784,0.12428882456982103,5225.0
420,-49.17577484988844,9.867551069608014,0.1242815459579548,5737.0
421,-49.2958864562836,9.89947448851756,0.12427458475025238,6360.0
422,-49.4159920264507,9.931393517789802,0.12426794092954516,7136.0
423,-49.53609179921876,9.963308494273107,0.12426161448037497,8127.0
424,-49.656186013416786,9.995219754815867,0.12425560538893457,9439.0
425,-49.77627490787379,10.027127636266457,0.12424991364309491,11256.0
426,-49.89635872141877,10.059032475473245,0.12424453923243564,13941.0
427,-50.01643769288073,10.090934609284616,0.12423948214820087,18309.0
428,-50.13651206108866,10.122834374548948,0.12423474238336298,26665.0
429,-50.256582064871594,10.154732108114619,0.1242303199325022,49061.0
430,-50.37664794305852,10.186628146830008,0.12422621479194502,305992.0
431,-50.49670993447845,10.21852282754349,0.12422242695965864,72138.0
432,-50.61676827796037,10.250416487103443,0.1242189564353691,32269.0
433,-50.7368232123333,10.282309462358246,0.1242158032204145,20782.0
434,-50.85687497642625,10.314202090156275,0.12421296731785379,15326.0
435,-50.976923809068225,10.346094707345912,0.12421044873238947,12139.0
436,-51.096969949088205,10.377987650775532,0.12420824747049494,10049.0
437,-51.21701363531521,10.409881257293511,0.12420636354026891,8573.0
438,-51.337055106578255,10.44177586374823,0.1242047969514876,7475.0
439,-51.45709460170632,10.473671806988063,0.12420354771569336,6626.0
440,-51.57713235952846,10.505569423861397,0.12420261584594093,5951.0
441,-51.697168618873604,10.537469051216592,0.12420200135722784,5400.0
442,-51.817203618570815,10.569371025902047,0.12420170426600674,4943.0
443,-51.93723759744908,10.601275684766133,0.12420172459053966,4557.0
444,-52.057270794337406,10.633183364657217,0.12420206235070898,4227.0
445,-52.177303448064784,10.665094402423682,0.12420271756814101,3942.0
446,-52.29733579746022,10.697009134913914,0.12420369026613266,3693.0
447,-52.41736808135275,10.728927898976282,0.12420498046961133,3473.0
448,-52.537400538571355,10.76085103145917,0.12420658820522906,3278.0
449,-52.657433407945035,10.792778869210954,0.12420851350131959,3104.0
450,-52.77746692830279,10.824711749080004,0.12421075638791172,2948.0
451,-52.897501338473646,10.85665000791471,0.12421331689669783,2806.0
452,-53.01753687728662,10.88859398256345,0.12421619506099706,2678.0
453,-53.13757378357068,10.92054400987459,0.12421939091587207,2561.0
454,-53.257612296154825,10.95250042669651,0.12422290449811137,2453.0
455,-53.377652653868104,10.984463569877601,0.12422673584603186,2355.0
456,-53.49769509553949,11.016433776266227,0.12423088499974717,2264.0
457,-53.617739859998,11.048411382710775,0.12423535200096501,2179.0
458,-53.737787186072595,11.08039672605961,0.12424013689321424,2101.0
459,-53.857837312592366,11.112390143161123,0.12424523972144147,2029.0
460,-53.97789047838625,11.144391970863689,0.1242506605324748,1961.0
461,-54.097946922283256,11.17640254601568,0.1242563993747974,1898.0
462,-54.21800688311245,11.208422205465482,0.12426245629833955,1838.0
463,-54.33807059970274,11.240451286061463,0.12426883135504041,1782.0
464,-54.45813831088321,11.27249012465201,0.12427552459819124,1730.0
465,-54.578210255482816,11.3045390580855,0.12428253608294086,1681.0
466,-54.698286672330596,11.336598423210305,0.12428986586598703,1634.0
467,-54.81836780025554,11.368668556874807,0.12429751400573753,1590.0
468,-54.93845387808664,11.400749795927384,0.12430548056226283,1548.0
469,-55.05854514465293,11.432842477216411,0.1243137655972172,1509.0
470,-55.178641838783385,11.464946937590264,0.12432236917401913,1471.0
471,-55.29874419930704,11.49706351389733,0.12433129135761127,1435.0
472,-55.41885246505287,11.52919254298598,0.1243405322146732,1401.0
473,-55.5389668748499,11.561334361704596,0.1243500918135002,1369.0
474,-55.65908766752713,11.593489306901546,0.12435997022398304,1338.0
475,-55.77921508191354,11.625657715425216,0.12437016751778357,1308.0
476,-55.89934935683819,11.657839924123989,0.12438068376799127,1280.0
477,-56.019490731130006,11.69003626984623,0.12439151904958017,1253.0
478,-56.139639443618066,11.722247089440328,0.12440267343895232,1227.0
479,-56.25979573313136,11.754472719754652,0.12441414701419687,1203.0
480,-56.37995983849887,11.786713497637587,0.12442593985507489,1179.0
481,-56.5001319985496,11.8189697599375,0.12443805204296131,1156.0
482,-56.62031245211257,11.851241843502786,0.12445048366079077,1134.0
483,-56.74050143801678,11.88353008518181,0.12446323479317278,1113.0
484,-56.86069919509122,11.915834821822953,0.12447630552631503,1093.0
485,-56.980905962164904,11.948156390274592,0.12448969594807117,1073.0
486,-57.101121978066864,11.980495127385106,0.12450340614780094,1054.0
487,-57.22134748162607,12.012851370002876,0.12451743621659014,1036.0
488,-57.34158271167154,12.045225454976272,0.1245317862470436,1018.0
489,-57.46182790703227,12.07761771915368,0.12454645633342713,1001.0
490,-57.582083306537285,12.110028499383477,0.1245614465715275,985.0
491,-57.70234914901556,12.142458132514028,0.12457675705882941,969.0
492,-57.82262567329614,12.174906955393732,0.12459238789425098,954.0
493,-57.94291311820797,12.207375304870949,0.12460833917850511,939.0
494,-58.06321172258012,12.239863517794065,0.12462461101364974,925.0
495,-58.18352172524154,12.272371931011458,0.12464120350355032,911.0
496,-58.30384336502129,12.304900881371506,0.12465811675343161,897.0
497,-58.42417688074831,12.33745070572258,0.12467535087027219,884.0
498,-58.54452251125165,12.370021740913064,0.12469290596252362,872.0
499,-58.664880495360315,12.402614323791337,0.12471078214018003,859.0
500,-58.78525107190329,12.435228791205773,0.1247289795148521,847.0
501,-58.905634479709576,12.467865480004756,0.12474749819970755,836.0
502,-59.02603095760821,12.500524727036655,0.12476633830937953,825.0
503,-59.14644074442815,12.533206869149847,0.12478549996017546,814.0
504,-59.26686407899843,12.565912243192725,0.12480498326984961,803.0
505,-59.387301200148066,12.598641186013653,0.12482478835770063,793.0
506,-59.507752346706035,12.63139403446101,0.12484491534462527,783.0
507,-59.62821775750136,12.664171125383177,0.12486536435298183,773.0
508,-59.74869767136304,12.696972795628536,0.12488613550670599,763.0
509,-59.869192327120096,12.72979938204546,0.12490722893115339,754.0
510,-59.989701963601476,12.76265122148232,0.12492864475339997,745.0
511,-60.11022681963625,12.795528650787507,0.12495038310179797,736.0
512,-60.230767134053394,12.82843200680939,0.12497244410635049,727.0
513,-60.3513231456819,12.861361626396349,0.12499482789854852,719.0
514,-60.4718950933508,12.894317846396765,0.1250175346113292,711.0
515,-60.59248321588909,12.92730100365901,0.1250405643791827,703.0
516,-60.71308775212579,12.960311435031466,0.1250639173380029,695.0
517,-60.83370894088986,12.99334947736251,0.1250875936252761,687.0
518,-60.95434702101034,13.026415467500524,0.1251115933798909,680.0
519,-61.075002231316226,13.059509742293878,0.12513591674223246,673.0
520,-61.19567481063652,13.092632638590953,0.12516056385415997,666.0
521,-61.31636499780023,13.125784493240126,0.1251855348589684,659.0
522,-61.437073031636345,13.158965643089775,0.1252108299014585,652.0
523,-61.557799150973885,13.19217642498828,0.1252364491278519,645.0
524,-61.67854359464186,13.22541717578402,0.1252623926858188,639.0
525,-61.799306601469276,13.258688232325367,0.1252886607244395,633.0
526,-61.9200884102851,13.291989931460705,0.1253152533943473,626.0
527,-62.040889259918394,13.325322610038409,0.12534217084747373,620.0
528,-62.161709389198144,13.358686604906858,0.12536941323721,614.0
529,-62.28254903695333,13.39208225291443,0.12539698071844077,609.0
530,-62.403408442012974,13.425509890909494,0.12542487344737815,603.0
531,-62.524287843206075,13.458969855740442,0.12545309158170181,597.0
532,-62.645187479361645,13.492462484255647,0.12548163528045891,592.0
533,-62.76610758930869,13.525988113303482,0.12551050470412453,586.0
534,-62.88704841187622,13.55954707973233,0.12553970001450074,581.0
535,-63.00801018589321,13.593139720390566,0.1255692213748804,576.0
536,-63.128993150188684,13.626766372126568,0.125599068949876,571.0
537,-63.249997543591654,13.660427371788714,0.12562924290546157,566.0
538,-63.37102360493112,13.694123056225386,0.12565974340902433,561.0
539,-63.4920715730361,13.727853762284957,0.12569057062920222,557.0
540,-63.61314168673553,13.761619826815801,0.12572172473623072,552.0
541,-63.7342341848585,13.795421586666306,0.12575320590142244,547.0
542,-63.855349306233975,13.82925937868484,0.12578501429760658,543.0
543,-63.97648728969097,13.863133539719787,0.12581715009889965,538.0
544,-64.09764837405851,13.897044406619527,0.1258496134806855,534.0
545,-64.21883279816554,13.93099231623243,0.12588240461983943,530.0
546,-64.34004080084111,13.964977605406885,0.12591552369438921,526.0
547,-64.46127262091422,13.999000610991258,0.12594897088377482,522.0
548,-64.58252849721387,14.033061669833936,0.12598274636866527,518.0
549,-64.70380866856905,14.067161118783286,0.126016850331136,514.0
550,-64.82511337380879,14.101299294687696,0.12605128295447884,510.0
551,-64.9464428517621,14.135476534395538,0.12608604442322427,506.0
552,-65.06779734125793,14.169693174755194,0.12612113492337376,502.0
553,-65.18917708112535,14.203949552615045,0.1261565546419648,499.0
554,-65.31058231019333,14.238246004823454,0.1261923037674797,495.0
555,-65.43201326729087,14.272582868228811,0.1262283824895955,492.0
556,-65.553470191247,14.306960479679494,0.126264790999219,488.0
557,-65.67495332089071,14.341379176023876,0.12630152948856307,485.0
558,-65.79646289505101,14.37583929411034,0.12633859815103438,481.0
559,-65.9179991525569,14.41034117078726,0.12637599718124948,478.0
560,-66.03956233223735,14.444885142903011,0.1264137267752325,475.0
561,-66.16115267292146,14.47947154730598,0.12645178712989158,472.0
562,-66.28277041343813,14.514100720844539,0.1264901784436961,468.0
563,-66.40441579261642,14.548773000367065,0.12652890091610008,465.0
564,-66.52608904928532,14.583488722721937,0.12656795474786797,462.0
565,-66.64779042227386,14.618248224757535,0.12660734014084324,459.0
566,-66.769520150411,14.653051843322235,0.12664705729820638,456.0
567,-66.89127847252578,14.687899915264412,0.12668710642413933,453.0
568,-67.01306562744716,14.722792777432446,0.12672748772421055,451.0
569,-67.1348818540042,14.757730766674714,0.126768201404936,448.0
570,-67.25672739102589,14.792714219839599,0.1268092476741056,445.0
571,-67.37860247734122,14.827743473775476,0.1268506267406622,442.0
572,-67.50050735177922,14.862818865330722,0.1268923388145632,440.0
573,-67.62244225316883,14.897940731353707,0.12693438410715488,437.0
574,-67.74440742033913,14.933109408692825,0.12697676283060713,434.0
575,-67.86640309211907,14.968325234196438,0.12701947519847182,432.0
576,-67.98842950733771,15.003588544712935,0.12706252142521096,429.0
577,-68.11048690482403,15.038899677090695,0.12710590172645636,427.0
578,-68.23257552340698,15.074258968178082,0.12714961631908678,424.0
579,-68.35469560191565,15.10966675482349,0.12719366542079377,422.0
580,-68.47684737917899,15.145123373875284,0.1272380492506093,420.0
581,-68.59903109402606,15.180629162181852,0.12728276802838503,417.0
582,-68.72124698528577,15.216184456591566,0.12732782197534195,415.0
583,-68.84349529178722,15.251789593952804,0.1273732113134748,413.0
584,-68.96577625235936,15.287444911113946,0.1274189362660161,410.0
585,-69.08809010583123,15.323150744923367,0.12746499705712164,408.0
586,-69.21043709103179,15.358907432229447,0.12751139391206306,406.0
587,-69.33281744679006,15.394715309880564,0.12755812705717942,404.0
588,-69.4552314119351,15.430574714725092,0.12760519671961557,402.0
589,-69.57767922529584,15.466485983611419,0.12765260312780494,400.0
590,-69.70016112570133,15.50244945338791,0.12770034651096443,398.0
591,-69.82267735198053,15.538465460902954,0.12774842709947315,396.0
592,-69.94522814296249,15.574534343004913,0.12779684512456221,394.0
593,-70.06781373747619,15.610656436542186,0.12784560081854685,392.0
594,-70.19043437435064,15.646832078363133,0.1278946944146516,390.0
595,-70.31309029241487,15.683061605316146,0.12794412614706357,388.0
596,-70.43578173049785,15.719345354249597,0.1279938962509718,386.0
597,-70.5585089274286,15.755683662011855,0.12804400496242435,384.0
598,-70.68127212203608,15.792076865451305,0.12809445251862062,382.0
599,-70.80407155314937,15.828525301416333,0.12814523915738799,380.0
600,-70.92690745959743,15.865029306755304,0.1281963651177195,379.0
601,-71.04978008020929,15.901589218316603,0.12824783063939219,377.0
602,-71.17268965381393,15.938205372948605,0.12829963596316335,375.0
603,-71.29563641924038,15.974878107499688,0.12835178133062092,373.0
604,-71.41862061531761,16.011607758818233,0.12840426698433538,372.0
605,-71.54164248087464,16.048394663752614,0.12845709316768283,370.0
606,-71.66470225474049,16.08523915915121,0.12851026012492436,368.0
607,-71.78780017574414,16.1221415818624,0.1285637681012426,367.0
608,-71.91093648271462,16.15910226873456,0.12861761734259738,364.0
609,-72.03411141448092,16.19612155661607,0.12867173824958603,333.0
610,-72.15732510900126,16.23319987517041,0.12872376563912227,281.0
611,-72.28057428579481,16.270340799499618,0.12877082124270295,242.0
612,-72.40385149454075,16.307551741537303,0.12881274294379252,212.0
613,-72.5271490319051,16.34484034602433,0.12884954593064518,189.0
614,-72.6504591945539,16.382214257701573,0.12888124750473995,171.0
615,-72.7737742791532,16.419681121309914,0.12890786708455573,155.0
616,-72.89708658236897,16.45724858159021,0.12892942621087772,143.0
617,-73.0203884008673,16.494924283283346,0.1289459485526529,132.0
618,-73.14367203131417,16.532715871130176,0.1289574599149044,122.0
619,-73.26692977037557,16.570630989871592,0.12896398824725092,114.0
620,-73.3901539147176,16.608677284248458,0.12896556365356676,107.0
621,-73.51333676100623,16.646862399001648,0.12896221840340366,101.0
622,-73.63647060590749,16.68519397887203,0.12895398694399482,95.0
623,-73.75954774608745,16.723679668600482,0.12894090591354723,90.0
624,-73.88256047821208,16.762327112927874,0.1289230141560478,86.0
625,-74.00550109894745,16.801143956595077,0.1289003527366811,82.0
626,-74.12836190495956,16.840137844342962,0.12887296495874234,78.0
627,-74.25113519291443,16.879316420912403,0.1288408963815607,74.0
628,-74.37381325947807,16.918687331044275,0.128804194839581,71.0
629,-74.49638840131655,16.958258219479447,0.12876291046225394,68.0
630,-74.61885291509584,16.998036730958788,0.12871709569560266,65.0
631,-74.74119909748198,17.038030510223177,0.12866680532428207,63.0
632,-74.86341924514103,17.078247202013486,0.12861209649488578,61.0
633,-74.985505654739,17.11869445107058,0.12855302874047145,58.0
634,-75.1074506229419,17.159379902135342,0.12848966400591486,56.0
635,-75.22924644641574,17.200311199948636,0.12842206667431189,54.0
636,-75.35088542182656,17.241495989251337,0.1283503035943897,53.0
637,-75.47235984584037,17.28294191478431,0.12827444410894692,51.0
638,-75.59366201512326,17.32465662128844,0.12819456008394733,49.0
639,-75.7147842263412,17.36664775350459,0.12811072593901693,48.0
640,-75.83571877616015,17.408922956173633,0.12802301867866478,46.0
641,-75.95645796124626,17.451489874036454,0.12793151792378837,45.0
642,-76.0769940782655,17.494356151833905,0.12783630594503909,44.0
643,-76.19731942388388,17.53752943430687,0.12773746769625827,42.0
644,-76.31742629476744,17.581017366196214,0.12763509084886715,41.0
645,-76.43730698758219,17.624827592242823,0.12752926582708835,40.0
646,-76.55695379899414,17.66896775718756,0.12742008584379386,39.0
647,-76.67635902566937,17.71344550577129,0.12730764693685212,38.0
648,-76.79551496427386,17.758268482734902,0.12719204800637837,37.0
649,-76.91441391147363,17.803444332819254,0.12707339085237213,36.0
650,-77.03304816393475,17.848980700765225,0.126951780212626,35.0
651,-77.15141001832323,17.894885231313687,0.1268273238014378,34.0
652,-77.26949177130503,17.94116556920551,0.12670013234870833,33.0
653,-77.38728571954623,17.987829359181568,0.1265703196387958,33.0
654,-77.50478415971288,18.034884245982724,0.12643800255012433,32.0
655,-77.62197938847096,18.082337874349868,0.12630330109491852,31.0
656,-77.73886370248648,18.130197889023858,0.12616633845876948,30.0
657,-77.85542939842551,18.178471934745573,0.12602724104015967,30.0
658,-77.97166877295405,18.227167656255887,0.1258861384902171,29.0
659,-78.08757412273812,18.276292698295666,0.12574316375188652,28.0
660,-78.20313774444377,18.32585470560578,0.12559845309895265,28.0
661,-78.31835193473701,18.37586132292711,0.1254521461745623,27.0
662,-78.43320899028382,18.426320195000528,0.12530438602946853,27.0
663,-78.54770120775031,18.477238966566894,0.12515531915886108,26.0
664,-78.66182088380242,18.528625282367088,0.12500509553944372,25.0
665,-78.7755603151062,18.58048678714199,0.124853868664628,25.0
666,-78.88891179832773,18.632831125632464,0.12470179557898628,24.0
667,-79.00186763013295,18.685665942579373,0.12454903691175802,24.0
668,-79.11442010718795,18.738998882723614,0.12439575690820114,23.0
669,-79.22656152615873,18.792837590806037,0.12424212346012828,23.0
670,-79.33828418371131,18.847189711567527,0.12408830813416484,23.0
671,-79.44958037651173,18.90206288974895,0.12393448619814461,22.0
672,-79.56044240122598,18.957464770091182,0.1237808366456351,22.0
673,-79.67086255452013,19.013402997335092,0.12362754221761899,21.0
674,-79.78083313306017,19.069885216221547,0.12347478942209615,21.0
675,-79.89034643351215,19.126919071491425,0.12332276855051827,21.0
676,-79.99939475254205,19.184512207885607,0.12317167369159318,20.0
677,-80.10797038681594,19.24267227014495,0.12302170274136222,20.0
678,-80.21606563299981,19.301406903010328,0.12287305741030881,19.0
679,-80.32367278775969,19.36072375122263,0.12272594322643646,19.0
680,-80.43078414776164,19.42063045952271,0.12258056953430191,19.0
681,-80.53739200967166,19.481134672651446,0.12243714949010633,18.0
682,-80.64348867015575,19.542244035349707,0.12229590005216674,18.0
683,-80.74906642587999,19.60396619235837,0.12215704196626075,18.0
684,-80.85411757351034,19.666308788418316,0.12202079974668649,18.0
685,-80.95863440971287,19.7292794682704,0.12188740165120024,17.0
686,-81.06260923115359,19.7928858766555,0.12175707965100521,17.0
687,-81.16603433449853,19.857135658314494,0.12163006939443934,17.0
688,-81.26890201641372,19.922036457988245,0.12150661016482807,16.0
689,-81.37120457356512,19.98759592041764,0.12138694483192729,16.0
690,-81.47293430261888,20.05382169034354,0.12127131979613234,16.0
691,-81.57408350024087,20.12072141250681,0.12115998492702526,16.0
692,-81.67464446309728,20.188302731648342,0.12105319349294112,15.0
693,-81.77460948785401,20.256573292508982,0.12095120208498576,15.0
694,-81.8739708711771,20.325540739829627,0.12085427053196582,15.0
695,-81.97272090973259,20.39521271835114,0.12076266180812663,15.0
696,-82.07085190018655,20.465596872814395,0.12067664193247257,15.0
697,-82.16835613920495,20.53670084796025,0.12059647986029266,14.0
698,-82.26522592345383,20.60853228852961,0.12052244736548104,14.0
699,-82.36145354959922,20.681098839263317,0.12045481891490638,14.0
700,-82.45703131430713,20.754408144902246,0.12039387153376105,14.0
701,-82.55195151424361,20.82846785018728,0.12033988466196263,14.0
702,-82.64620644607464,20.90328559985928,0.12029314000203357,14.0
703,-82.73978840646626,20.97886903865913,0.12025392135765135,13.0
704,-82.83268969208456,21.055225811327702,0.12022251446324465,13.0
705,-82.92490259959546,21.132363562605864,0.12019920680525496,13.0
706,-83.01641942566505,21.210289937234485,0.12018428743366259,13.0
707,-83.10723246695936,21.28901257995445,0.120178046765392,13.0
708,-83.19733402014438,21.368539135506612,0.12018077637895799,13.0
709,-83.2867163818861,21.448877248631845,0.12019276880080523,13.0
710,-83.37537184885066,21.530034564071048,0.12021431728277723,12.0
711,-83.46329271770395,21.612018726565076,0.12024571557312111,12.0
712,-83.55047128511208,21.694837380854782,0.12028725767841926,12.0
713,-83.63689984774108,21.778498171681072,0.12033923761920365,12.0
714,-83.72257070225692,21.863008743784786,0.12040194917884112,12.0
715,-83.80747614532567,21.94837674190682,0.12047568564557809,12.0
716,-83.8916084736133,22.03460981078804,0.12056073954953904,12.0
717,-83.97495998378591,22.12171559516932,0.12065740239388714,12.0
718,-84.05752297250945,22.209701739791512,0.12076596438214594,12.0
719,-84.13928973645001,22.298575889395533,0.12088671414069034,12.0
720,-84.22025257227351,22.3883456887222,0.12101993843939217,12.0
721,-84.30040377664614,22.47901878251243,0.1211659219080818,11.0
722,-84.37973564623378,22.570602815507073,0.12132494675320447,11.0
723,-84.4582404777025,22.663105432447004,0.12149729247226937,11.0
724,-84.53591056771835,22.75653427807309,0.12168323556893135,11.0
725,-84.61273821294729,22.850896997126217,0.1218830492689947,11.0
726,-84.68871571005546,22.946201234347267,0.12209700323769238,11.0
727,-84.76383535570875,23.042454634477078,0.1223253633006785,11.0
728,-84.83808944657326,23.139664842256547,0.12256839116739536,11.0
729,-84.91147027931501,23.237839502426528,0.12282634416002722,11.0
730,-84.98397015059999,23.33698625972791,0.12309939507585858,11.0
731,-85.05558163215522,23.43711246397788,0.12338417295794099,12.0
732,-85.12630910253148,23.538212805573203,0.12367525296845559,12.0
733,-85.1961729551671,23.64026480355325,0.12397126571857506,13.0
734,-85.26519472476744,23.743244753276986,0.12427120717614182,13.0
735,-85.33339594603781,23.847128950103286,0.12457410723566281,13.0
736,-85.40079815368358,23.951893689391078,0.12487902957947314,14.0
737,-85.46742288241012,24.05751526649929,0.1251850714565753,14.0
738,-85.53329166692285,24.163969976786827,0.1254913633889493,15.0
739,-85.598426041927,24.271234115612607,0.12579706881561437,16.0
740,-85.66284754212803,24.379283978335557,0.12610138368235024,16.0
741,-85.72657770223125,24.4880958603146,0.12640353598709758,17.0
742,-85.78963805694201,24.59764605690865,0.12670278528768492,18.0
743,-85.85205014096574,24.70791086347662,0.12699842217949323,18.0
744,-85.9138354890077,24.81886657537743,0.1272897677502323,19.0
745,-85.9750156357733,24.930489487969993,0.12757617301684596,20.0
746,-86.03561211596788,25.04275589661324,0.12785701835113472,21.0
747,-86.09564646429678,25.155642096666067,0.12813171289856456,22.0
748,-86.15514021546541,25.269124383487426,0.12839969399453557,23.0
749,-86.21411490417908,25.383179052436205,0.12866042658309887,25.0
750,-86.27259206514314,25.497782398871326,0.12891340264070567,26.0
751,-86.33059323306306,25.61291071815173,0.12915814060851175,27.0
752,-86.388139942644,25.72854030563631,0.12939418483712695,29.0
753,-86.44525372859148,25.844647456683997,0.1296211050442442,31.0
754,-86.50195612561079,25.961208466653694,0.12983849578969783,33.0
755,-86.5582686684073,26.078199630904347,0.13004597596804487,35.0
756,-86.61421289168636,26.195597244794847,0.13024318832160392,37.0
757,-86.66981033015335,26.31337760368412,0.13042979897464055,40.0
758,-86.7250825185136,26.431517002931088,0.13060549699043716,44.0
759,-86.78005099147245,26.549991737894672,0.1307699939521181,47.0
760,-86.83473728373531,26.668778103933786,0.13092302356812857,52.0
761,-86.88916293000747,26.78785239640734,0.1310643413035321,57.0
762,-86.94334946499441,26.90719091067427,0.13119372403695623,64.0
763,-86.99731842340134,27.02676994209348,0.1313109697450977,72.0
764,-87.05109133993372,27.146565786023892,0.1314158972135743,82.0
765,-87.10468974929684,27.266554737824432,0.13150834577608503,96.0
766,-87.1581351861961,27.386713092853988,0.13158817508115309,115.0
767,-87.21144918533682,27.50701714647153,0.1316552648870611,143.0
768,-87.26465328142443,27.627443194035926,0.1317095148853084,190.0
769,-87.31776900916418,27.74796753090612,0.1317508445526336,280.0
770,-87.37081790326151,27.868566452441026,0.1317791930314555,531.0
771,-87.42382149842173,27.989216253999558,0.13179451903949616,5054.0
772,-87.47680132935024,28.109893230940642,0.13179680080784886,672.0
773,-87.52977893075237,28.23057367862319,0.13178603604826125,315.0
774,-87.58277583733351,28.351233892406125,0.13176224194905764,205.0
775,-87.63581358379896,28.471850167648352,0.13172545520024798,152.0
776,-87.68891370485407,28.5923987997088,0.1316757320472833,121.0
777,-87.74209773520428,28.71285608394639,0.13161314837365604,100.0
778,-87.79538720955492,28.833198315720026,0.131537799812567,85.0
779,-87.84880366261127,28.953401790388643,0.13144980188697908,74.0
780,-87.9023686290788,29.073442803311142,0.13134929017829852,66.0
781,-87.95610364366274,29.193297649846464,0.13123642052362755,59.0
782,-88.01003024106858,29.312942625353518,0.13111136924090902,53.0
783,-88.06416995600159,29.432354025191213,0.13097433338242392,48.0
784,-88.11854432316716,29.551508144718465,0.13082553101559208,45.0
785,-88.1731748772706,29.670381279294208,0.13066562676159435,43.0
786,-88.22808243476373,29.7889505255056,0.13050199179628674,43.0
787,-88.28327570066013,29.907206490524235,0.13034061771921576,43.0
788,-88.33875330552314,30.025151019800035,0.13018166840534476,43.0
789,-88.39451357339556,30.142786300713524,0.1300251262097938,44.0
790,-88.4505548283202,30.26011452064524,0.12987097344343387,44.0
791,-88.50687539433979,30.377137866975694,0.12971919237607926,44.0
792,-88.56347359549721,30.4938585270854,0.12956976523929772,44.0
793,-88.62034775583521,30.610278688354892,0.12942267422957332,44.0
794,-88.67749619939656,30.726400538164693,0.1292779015113485,44.0
795,-88.73491725022416,30.842226263895345,0.1291354292197832,44.0
796,-88.79260923236073,30.95775805292733,0.12899523946424196,45.0
797,-88.85057046984907,31.07299809264121,0.128857314330923,45.0
798,-88.90879928673199,31.187948570417486,0.1287216358861446,45.0
799,-88.96729400705229,31.30261167363668,0.128588186179282,45.0
800,-89.02605295485277,31.41698958967932,0.12845694724580495,45.0
801,-89.08507445417622,31.531084505925943,0.1283279011103489,45.0
802,-89.14435682906546,31.644898609757057,0.12820102978971942,46.0
803,-89.20389840356327,31.758434088553184,0.12807631529593905,46.0
804,-89.26369750171244,31.871693129694854,0.1279537396392567,46.0
805,-89.32375244755578,31.984677920562586,0.12783328483116227,46.0
806,-89.38406156513605,32.09739064853691,0.12771493288741934,46.0
807,-89.44462317849613,32.209833500998336,0.12759866583095028,47.0
808,-89.50543561167872,32.322008665327395,0.1274844656950547,47.0
809,-89.56649718872671,32.43391832890461,0.1273723145260648,47.0
810,-89.6278062336828,32.54556467911051,0.12726219438666683,47.0
811,-89.68936107058991,32.65694990332562,0.12715408735846542,47.0
812,-89.75116002349074,32.76807618893044,0.1270479755452674,48.0
813,-89.81320141642809,32.87894572330551,0.12694384107584508,48.0
814,-89.87548357344481,32.98956069383136,0.12684166610676215,48.0
815,-89.93800481858368,33.099923287888515,0.12674143282535133,48.0
816,-90.00076347588751,33.21003569285745,0.12664312345267112,49.0
817,-90.06375786939905,33.31990009611875,0.12654672024616562,49.0
818,-90.12698632316112,33.429518685052926,0.12645220550262232,49.0
819,-90.19044716121657,33.538893647040474,0.12635956156087766,50.0
820,-90.25413870760809,33.648027169461926,0.12626877080483334,50.0
821,-90.31805928637856,33.75692143969784,0.12617981566586442,50.0
822,-90.3822072215708,33.8655786451287,0.1260926786258334,51.0
823,-90.44658083722756,33.974000973135034,0.12600734221971355,51.0
824,-90.51117845739158,34.08219061109737,0.12592378903842225,51.0
825,-90.57599840610578,34.190149746396244,0.12584200173109755,51.0
826,-90.64103900741287,34.29788056641216,0.12576196300826148,52.0
827,-90.7062985853557,34.40538525852565,0.1256836556440316,52.0
828,-90.77177546397701,34.51266601011724,0.12560706247891268,53.0
829,-90.83746796731964,34.61972500856744,0.125532166422319,53.0
830,-90.9033744194264,34.726564441256784,0.1254589504550775,53.0
831,-90.96949314434008,34.83318649556582,0.12538739763185788,54.0
832,-91.03582246610344,34.939593358875015,0.12531749108392373,54.0
833,-91.10236070875929,35.045787218564925,0.12524921402130665,54.0
834,-91.16910619635048,35.15177026201608,0.12518254973523196,55.0
835,-91.23605725291976,35.25754467660898,0.12511748160071504,55.0
836,-91.30321220250991,35.36311264972417,0.1250539930787208,56.0
837,-91.37056936916376,35.468476368742145,0.12499206771865727,56.0
838,-91.43812707692413,35.57363802104349,0.12493168916032465,57.0
839,-91.50588364983379,35.678599794008655,0.12487284113670545,57.0
840,-91.57383741193551,35.7833638750182,0.12481550747575947,58.0
841,-91.64198668727212,35.88793245145265,0.12475967210281604,58.0
842,-91.71032979988644,35.992307710692515,0.12470531904265371,59.0
843,-91.77886507382122,36.096491840118325,0.1246524324217247,59.0
844,-91.84759083311928,36.2004870271106,0.1246009964701734,60.0
845,-91.9165054018234,36.30429545904985,0.12455099552404063,60.0
846,-91.98560710397643,36.40791932331664,0.12450241402695697,61.0
847,-92.05489426362112,36.51136080729145,0.12445523653262792,61.0
848,-92.12436520480028,36.61462209835482,0.1244094477064387,62.0
849,-92.19401825155673,36.71770538388728,0.12436503232746067,62.0
850,-92.2638517279332,36.820612851269324,0.12432197529057136,63.0
851,-92.33386395797257,36.92334668788153,0.12428026160785478,64.0
852,-92.40405326571756,37.025909081104366,0.12423987641104343,64.0
853,-92.47441797521105,37.12830221831838,0.12420080495270228,65.0
854,-92.54495641049574,37.230528286904075,0.12416303260858677,66.0
855,-92.61566689561451,37.33258947424201,0.12412654487882545,66.0
856,-92.68654775461016,37.43448796771269,0.12409132738999046,67.0
857,-92.75759731152547,37.53622595469665,0.12405736589658156,68.0
858,-92.8288138904032,37.63780562257438,0.1240246462828573,69.0
859,-92.9001958152862,37.73922915872643,0.12399315456415454,69.0
860,-92.97174141021723,37.84049875053332,0.12396287688864843,70.0
861,-93.04344899923909,37.94161658537556,0.12393379953891497,71.0
862,-93.1153169063946,38.04258485063371,0.12390590893318547,72.0
863,-93.1873434557265,38.14340573368825,0.1238791916272002,73.0
864,-93.2595269712777,38.24408142191972,0.12385363431523502,74.0
865,-93.33186577709093,38.34461410270864,0.12382922383177478,75.0
866,-93.40435819720896,38.44500596343554,0.12380594715279805,75.0
867,-93.47700255567459,38.54525919148092,0.12378379139726152,76.0
868,-93.5497971765307,38.64537597422535,0.12376274382798141,77.0
869,-93.62274038382004,38.74535849904932,0.12374279185341759,78.0
870,-93.69583050158536,38.84520895333336,0.12372392302866841,80.0
871,-93.76906585386952,38.944929524457976,0.12370612505670363,81.0
872,-93.8424447647153,39.04452239980372,0.12368938578953768,82.0
873,-93.9159655581655,39.143989766751105,0.12367369322939109,83.0
874,-93.9896265582629,39.24333381268063,0.12365903552992372,84.0
875,-94.0634260890503,39.34255672497286,0.12364540099716004,85.0
876,-94.13736247457052,39.441660691008295,0.12363277809058218,87.0
877,-94.21143403886632,39.54064789816745,0.12362115542437103,88.0
878,-94.28563910598055,39.639520533830854,0.12361052176808261,89.0
879,-94.35997599995598,39.738280785379054,0.12360086604787211,91.0
880,-94.43444304483542,39.83693084019256,0.12359217734732011,92.0
881,-94.50903856466164,39.93547288565188,0.12358444490846465,94.0
882,-94.58376088347748,40.03390910913753,0.12357765813253606,95.0
883,-94.65860832532564,40.132241698030064,0.12357180658107635,97.0
884,-94.73357921424908,40.23047283970999,0.12356687997633972,98.0
885,-94.80867187429043,40.328604721557845,0.12356286820268395,100.0
886,-94.88388462949267,40.426639530954105,0.12355976130678742,102.0
887,-94.95921580389843,40.52457945527937,0.12355754949879676,104.0
888,-95.03466372155054,40.6224266819141,0.12355622315298852,106.0
889,-95.11022670649186,40.72018339823881,0.12355577280838557,108.0
890,-95.18590308276517,40.817851791634105,0.12355618916931335,110.0
891,-95.26169117441324,40.915434049480425,0.12355746310642589,112.0
892,-95.33758930547886,41.0129323591583,0.1235595856571713,114.0
893,-95.41359580000488,41.110348908048294,0.12356254802614414,117.0
894,-95.48970898203406,41.20768588353093,0.12356634158608173,119.0
895,-95.56592717560923,41.3049454729867,0.12357095787813242,122.0
896,-95.64224870477312,41.402129863796155,0.12357638861262163,124.0
897,-95.7186718935686,41.499241243339796,0.1235826256693433,127.0
898,-95.79519506603842,41.596281798998156,0.1235896610982426,130.0
899,-95.87181654622542,41.69325371815175,0.1235974871197083,133.0
900,-95.94853465817232,41.7901591881811,0.12360609612533843,136.0
901,-96.02534772592205,41.88700039646674,0.12361548067787825,140.0
902,-96.10225407351729,41.98377953038921,0.12362563351208151,143.0
903,-96.17925202500086,42.08049877732898,0.12363654753497347,147.0
904,-96.25633990441558,42.17716032466663,0.12364821582606232,151.0
905,-96.33351603580431,42.273766359782655,0.12366063163778554,155.0
906,-96.41077874320976,42.37031907005759,0.12367378839588512,160.0
907,-96.48812635067469,42.46682064287193,0.12368767969983098,164.0
908,-96.56555718224199,42.56327326560623,0.12370229932274397,169.0
909,-96.64306956195445,42.659679125641006,0.12371764121190171,174.0
910,-96.72066181385479,42.75604041035676,0.12373369948920179,180.0
911,-96.7983322619859,42.85235930713406,0.12375046845083087,186.0
912,-96.87607923039052,42.94863800335338,0.12376794256811037,192.0
913,-96.95390104311146,43.04487868639527,0.1237861164872421,199.0
914,-97.03179602419155,43.14108354364024,0.12380498502963666,207.0
915,-97.10976249767351,43.23725476246882,0.12382454319227394,214.0
916,-97.18779878760027,43.333394530261565,0.12384478614728654,223.0
917,-97.26590321801449,43.42950503439893,0.12386570924289922,232.0
918,-97.34407411295902,43.525588462261474,0.12388730800286231,242.0
919,-97.42230979647668,43.62164700122975,0.12390957812672597,253.0
920,-97.50060859261022,43.717682838684226,0.12393251549026887,265.0
921,-97.57896882540251,43.81369816200547,0.123956116144954,278.0
922,-97.65738881889631,43.90969515857398,0.12398037631848997,292.0
923,-97.73586689713436,44.005676015770284,0.12400529241474884,308.0
924,-97.81440138415958,44.1016429209749,0.12403086101344518,326.0
925,-97.89299060401464,44.19759806156836,0.12405707887075407,346.0
926,-97.97163288074243,44.2935436249312,0.12408394291863127,369.0
927,-98.05032653838572,44.38948179844392,0.1241114502653459,394.0
928,-98.1290699009873,44.48541476948705,0.12413959819504006,424.0
929,-98.20786129258993,44.58134472544111,0.12416838416801161,458.0
930,-98.28669903723647,44.67727385368661,0.12419780582038473,498.0
931,-98.36558145896973,44.773204341604135,0.12422786096396371,546.0
932,-98.44450688183242,44.86913837657414,0.12425854758660411,603.0
933,-98.52347362986744,44.965078145977174,0.12428986385151737,675.0
934,-98.60248002711752,45.061025837193746,0.12432180809757178,765.0
935,-98.68152439762545,45.15698363760442,0.12435437883894064,883.0
936,-98.76060506543408,45.25295373458968,0.12438757476502818,1044.0
937,-98.8397203545862,45.34893831553006,0.12442139474022866,1276.0
938,-98.91886858912457,45.44493956780608,0.12445583780393682,1641.0
939,-98.99804809309201,45.54095967879826,0.12449090317013962,2295.0
940,-99.0772571905313,45.637000835887136,0.12452659022735638,3813.0
941,-99.15649420548529,45.73306522645322,0.12456289853827245,11229.0
942,-99.23575746199668,45.82915503787704,0.12459982783981872,11921.0
943,-99.31504528410836,45.92527245753913,0.12463737804251819,3897.0
944,-99.39435599586314,46.021419672819995,0.12467554923051287,2331.0
945,-99.47368792130374,46.11759887110017,0.1247143416612772,1663.0
946,-99.55303938447298,46.21381223976017,0.12475375576525764,1293.0
947,-99.6324087094137,46.31006196618053,0.12479379214555107,1058.0
948,-99.71179422016864,46.40635023774173,0.1248344515777987,896.0
949,-99.7911942407806,46.50267924182435,0.1248757350096641,777.0
950,-99.87060709529246,46.599051165808895,0.12491764356050869,686.0
951,-99.95003110774694,46.69546819707589,0.12496017852122537,618.0
952,-100.02946460218685,46.79193252300585,0.12500332915553683,676.0
953,-100.10890602073653,46.88844621798631,0.1250467468882013,995.0
954,-100.188357185384,46.9850081221902,0.12509003665999943,1943.0
955,-100.26782371404245,47.08161344344414,0.12513317474957397,40066.0
956,-100.34731142627028,47.178257196618844,0.1251761596767156,2156.0
957,-100.426826141626,47.274934396585074,0.12521899136934847,1050.0
958,-100.506373679668,47.37164005821361,0.12526167116137987,695.0
959,-100.58595985995493,47.46836919637517,0.12530420178985088,519.0
960,-100.66559050204503,47.56511682594049,0.12534658739340127,414.0
961,-100.74527142549697,47.66187796178035,0.1253888335089776,345.0
962,-100.82500844986912,47.758647618765465,0.12543094707029462,295.0
963,-100.90480739472,47.855420811766614,0.12547293640508972,258.0
964,-100.98467407960804,47.952192555654534,0.12551481123319336,230.0
965,-101.06461432409179,48.0489578653,0.1255565826639267,207.0
966,-101.14463394772969,48.145711755573686,0.12559826319430817,188.0
967,-101.22473877008015,48.24244924134641,0.12563986670655442,172.0
968,-101.30493461070171,48.33916533748889,0.12568140846593853,159.0
969,-101.38522728915287,48.43585505887189,0.12572290511852988,148.0
970,-101.46562262499201,48.53251342036614,0.12576437468923216,138.0
971,-101.54612643777772,48.6291354368424,0.12580583657916267,129.0
972,-101.62674454706837,48.72571612317141,0.12584731156383014,122.0
973,-101.70748277242252,48.82225049422393,0.12588882179047842,115.0
974,-101.78834693339859,48.91873356487071,0.12593039077607532,109.0
975,-101.86934284955505,49.01516034998247,0.1259720434048772,104.0
976,-101.95047634045041,49.111525864429986,0.12601380592595385,99.0
977,-102.03175322564312,49.207825123084014,0.12605570595081497,94.0
978,-102.1131793246917,49.30405314081528,0.1260977724507248,90.0
979,-102.19476045715449,49.400204932494496,0.12614003575465577,87.0
980,-102.27650244259014,49.4962755129925,0.12618252754555603,83.0
981,-102.35841110055702,49.59225989717998,0.12622528085858145,80.0
982,-102.44049225061363,49.68815309992768,0.1262683300776103,77.0
983,-102.52275171231844,49.783950136106384,0.12631171093231733,74.0
984,-102.60519530522993,49.879646020586826,0.12635546049499222,72.0
985,-102.68782884890655,49.97523576823973,0.12639961717736087,70.0
986,-102.77065816290686,50.07071439393586,0.12644422072674147,67.0
987,-102.85368906678923,50.166076912545996,0.12648931222270263,65.0
988,-102.9369273801122,50.26131833894082,0.12653493407310434,63.0
989,-103.02037892243419,50.35643368799114,0.12658113000990273,61.0
990,-103.10404951331371,50.45141797456769,0.12662794508496256,60.0
991,-103.18794497230923,50.54626621354118,0.12667542566559417,58.0
992,-103.27207111897921,50.64097341978241,0.12672361942955288,57.0
993,-103.35643377288216,50.7355346081621,0.1267725753602466,55.0
994,-103.44103875357656,50.82994479355101,0.12682234374109033,54.0
995,-103.5258918806208,50.92419899081987,0.12687297615034976,52.0
996,-103.61099897357343,51.018292214839455,0.12692452545466174,51.0
997,-103.69636585199294,51.11221948048048,0.12697704580303737,50.0
998,-103.78199833543768,51.20597580261373,0.1270305926204007,49.0
999,-103.86790224346628,51.29955619610993,0.12708522260008998,48.0
1000,-103.95408339563716,51.39295567583982,0.12714099369694123,47.0