,x,y,s,R,vx_entry,time,acceleration,vel_fi,vel_ri,vx_max,vx_exit
0,0.1,0.0,0.1,10000.0,0.0,0.0,0.0,33.29511773786174,33.29511773786174,33.29511773786174,1.2291216375932856
1,0.2,0.0,0.1,10000.0,1.2291216375932856,0.0,7.553699999999999,33.29511773786174,33.29511773786174,33.29511773786174,1.8913308697212128
2,0.3,0.0,0.1,10000.0,1.8913308697212128,0.0,10.331962293801991,33.29511773786174,33.29511773786174,33.29511773786174,2.41837998361821
3,0.4,0.0,0.1,10000.0,2.41837998361821,0.0,11.357146432024066,33.29511773786174,33.29511773786174,33.29511773786174,2.8629209257955397
4,0.5,0.0,0.1,10000.0,2.8629209257955397,0.0,11.738772410963884,33.29511773786174,33.29511773786174,33.29511773786174,3.251637448838336
5,0.6,0.0,0.1,10000.0,3.251637448838336,0.0,11.884149356649454,33.29511773786174,33.29511773786174,33.29511773786174,3.600237007083248
6,0.7,0.0,0.1,10000.0,3.600237007083248,0.0,11.942802042419313,33.29511773786174,33.29511773786174,33.29511773786174,3.918626140241515
7,0.8,0.0,0.1,10000.0,3.918626140241515,0.0,11.969621599061847,33.29511773786174,33.29511773786174,33.29511773786174,4.213381371595706
8,0.9,0.0,0.1,10000.0,4.213381371595706,0.0,11.984758777628024,33.29511773786174,33.29511773786174,33.29511773786174,4.489065023201355
9,1.0,0.0,0.1,10000.0,4.489065023201355,0.0,11.995611000100315,33.29511773786174,33.29511773786174,33.29511773786174,4.748966578197938
10,1.1,0.0,0.1,10000.0,4.748966578197938,0.0,12.004893891556268,33.29511773786174,33.29511773786174,33.29511773786174,4.99553845296685
11,1.2,0.0,0.1,10000.0,4.99553845296685,0.0,12.01360437114699,33.29511773786174,33.29511773786174,33.29511773786174,5.230662110855936
12,1.3,0.0,0.1,10000.0,5.230662110855936,0.0,12.022108414367233,33.29511773786174,33.29511773786174,33.29511773786174,5.455816546852585
13,1.4,0.0,0.1,10000.0,5.455816546852585,0.0,12.030540374832977,33.29511773786174,33.29511773786174,33.29511773786174,5.672188652388387
14,1.5,0.0,0.1,10000.0,5.672188652388387,0.0,12.038949576865596,33.29511773786174,33.29511773786174,33.29511773786174,5.8807478210108615
15,1.6,0.0,0.1,10000.0,5.8807478210108615,0.0,12.047354130202049,33.29511773786174,33.29511773786174,33.29511773786174,6.082297844683458
16,1.7,0.0,0.1,10000.0,6.082297844683458,0.0,12.05576068558521,33.29511773786174,33.29511773786174,33.29511773786174,6.27751395130785
17,1.8,0.0,0.1,10000.0,6.27751395130785,0.0,12.064171687118256,33.29511773786174,33.29511773786174,33.29511773786174,6.46696984806572
18,1.9,0.0,0.1,10000.0,6.46696984806572,0.0,12.072588034632293,33.29511773786174,33.29511773786174,33.29511773786174,6.651157871228253
19,2.0,0.0,0.1,10000.0,6.651157871228253,0.0,12.081010061051911,33.29511773786174,33.29511773786174,33.29511773786174,6.830504271738619
20,2.1,0.0,0.1,10000.0,6.830504271738619,0.0,12.089437891189892,33.29511773786174,33.29511773786174,33.29511773786174,7.005380997556946
21,2.2,0.0,0.1,10000.0,7.005380997556946,0.0,12.097871573462163,33.29511773786174,33.29511773786174,33.29511773786174,7.1761149061717315
22,2.3,0.0,0.1,10000.0,7.1761149061717315,0.0,12.106311128240867,33.29511773786174,33.29511773786174,33.29511773786174,7.342995060579921
23,2.4,0.0,0.1,10000.0,7.342995060579921,0.0,12.114756565604978,33.29511773786174,33.29511773786174,33.29511773786174,7.506278574504974
24,2.5,0.0,0.1,10000.0,7.506278574504974,0.0,12.123207891856588,33.29511773786174,33.29511773786174,33.29511773786174,7.6661953445274955
25,2.6,0.0,0.1,10000.0,7.6661953445274955,0.0,12.131665111913103,33.29511773786174,33.29511773786174,33.29511773786174,7.822951917690158
26,2.7,0.0,0.1,10000.0,7.822951917690158,0.0,12.140128230185393,33.29511773786174,33.29511773786174,33.29511773786174,7.976734680097626
27,2.8,0.0,0.1,10000.0,7.976734680097626,0.0,12.148597250900208,33.29511773786174,33.29511773786174,33.29511773786174,8.127712506746033
28,2.9,0.0,0.1,10000.0,8.127712506746033,0.0,12.157072178218492,33.29511773786174,33.29511773786174,33.29511773786174,8.276038979824325
29,3.0,0.0,0.1,10000.0,8.276038979824325,0.0,12.165553016278855,33.29511773786174,33.29511773786174,33.29511773786174,8.421854258381249
30,3.1,0.0,0.1,10000.0,8.421854258381249,0.0,12.174039769213515,33.29511773786174,33.29511773786174,33.29511773786174,8.56528666406707
31,3.2,0.0,0.1,10000.0,8.56528666406707,0.0,12.18253244115415,33.29511773786174,33.29511773786174,33.29511773786174,8.706454033927475
32,3.3,0.0,0.1,10000.0,8.706454033927475,0.0,12.191031036234055,33.29511773786174,33.29511773786174,33.29511773786174,8.845464880751592
33,3.4,0.0,0.1,10000.0,8.845464880751592,0.0,12.199535558588941,33.29511773786174,33.29511773786174,33.29511773786174,8.982419393408506
34,3.5,0.0,0.1,10000.0,8.982419393408506,0.0,12.20804601235722,33.29511773786174,33.29511773786174,33.29511773786174,9.117410303338183
35,3.6,0.0,0.1,10000.0,9.117410303338183,0.0,12.216562401680106,33.29511773786174,33.29511773786174,33.29511773786174,9.250523638451911
36,3.7,0.0,0.1,10000.0,9.250523638451911,0.0,12.225084730701663,33.29511773786174,33.29511773786174,33.29511773786174,9.381839381820143
37,3.8,0.0,0.1,10000.0,9.381839381820143,0.0,12.233613003568822,33.29511773786174,33.29511773786174,33.29511773786174,9.511432049442272
38,3.9,0.0,0.1,10000.0,9.511432049442272,0.0,12.24214722443139,33.29511773786174,33.29511773786174,33.29511773786174,9.639371198924026
39,4.0,0.0,0.1,10000.0,9.639371198924026,0.0,12.250687397442046,33.29511773786174,33.29511773786174,33.29511773786174,9.765721878898523
40,4.1,0.0,0.1,10000.0,9.765721878898523,0.0,12.259233526756368,33.29511773786174,33.29511773786174,33.29511773786174,9.890545027414001
41,4.2,0.0,0.1,10000.0,9.890545027414001,0.0,12.267785616532786,33.29511773786174,33.29511773786174,33.29511773786174,10.013897826195869
42,4.3,0.0,0.1,10000.0,10.013897826195869,0.0,12.276343670932636,33.29511773786174,33.29511773786174,33.29511773786174,10.135834016612268
43,4.4,0.0,0.1,10000.0,10.135834016612268,0.0,12.284907694120136,33.29511773786174,33.29511773786174,33.29511773786174,10.256404182283715
44,4.5,0.0,0.1,10000.0,10.256404182283715,0.0,12.293477690262394,33.29511773786174,33.29511773786174,33.29511773786174,10.37565600254137
45,4.6,0.0,0.1,10000.0,10.37565600254137,0.0,12.302053663529415,33.29511773786174,33.29511773786174,33.29511773786174,10.493634480326232
46,4.7,0.0,0.1,10000.0,10.493634480326232,0.0,12.310635618094079,33.29511773786174,33.29511773786174,33.29511773786174,10.61038214760986
47,4.8,0.0,0.1,10000.0,10.61038214760986,0.0,12.319223558132183,33.29511773786174,33.29511773786174,33.29511773786174,10.725939250987883
48,4.9,0.0,0.1,10000.0,10.725939250987883,0.0,12.327817487822408,33.29511773786174,33.29511773786174,33.29511773786174,10.840343919735748
49,5.0,0.0,0.1,10000.0,10.840343919735748,0.0,12.336417411346336,33.29511773786174,33.29511773786174,33.29511773786174,10.953632318310191
50,5.1,0.0,0.1,10000.0,10.953632318310191,0.0,12.345023332888461,33.29511773786174,33.29511773786174,33.29511773786174,11.065838785020173
51,5.2,0.0,0.1,10000.0,11.065838785020173,0.0,12.35363525663617,33.29511773786174,33.29511773786174,33.29511773786174,11.176995958369703
52,5.3,0.0,0.1,10000.0,11.176995958369703,0.0,12.36225318677976,33.29511773786174,33.29511773786174,33.29511773786174,11.287134892385897
53,5.4,0.0,0.1,10000.0,11.287134892385897,0.0,12.370877127512431,33.29511773786174,33.29511773786174,33.29511773786174,11.396285162083355
54,5.5,0.0,0.1,10000.0,11.396285162083355,0.0,12.379507083030305,33.29511773786174,33.29511773786174,33.29511773786174,11.504474960076523
55,5.6,0.0,0.1,10000.0,11.504474960076523,0.0,12.388143057532401,33.29511773786174,33.29511773786174,33.29511773786174,11.611731185231246
56,5.7,0.0,0.1,10000.0,11.611731185231246,0.0,12.396785055220676,33.29511773786174,33.29511773786174,33.29511773786174,11.718079524142677
57,5.8,0.0,0.1,10000.0,11.718079524142677,0.0,12.405433080299971,33.29511773786174,33.29511773786174,33.29511773786174,11.823544526136294
58,5.9,0.0,0.1,10000.0,11.823544526136294,0.0,12.414087136978075,33.29511773786174,33.29511773786174,33.29511773786174,11.928149672410246
59,6.0,0.0,0.1,10000.0,11.928149672410246,0.0,12.422747229465676,33.29511773786174,33.29511773786174,33.29511773786174,12.031917439868673
60,6.1,0.0,0.1,10000.0,12.031917439868673,0.0,12.431413361976404,33.29511773786174,33.29511773786174,33.29511773786174,12.134869360135744
61,6.2,0.0,0.1,10000.0,12.134869360135744,0.0,12.440085538726795,33.29511773786174,33.29511773786174,33.29511773786174,12.237026074187655
62,6.3,0.0,0.1,10000.0,12.237026074187655,0.0,12.44876376393633,33.29511773786174,33.29511773786174,33.29511773786174,12.338407382993722
63,6.4,0.0,0.1,10000.0,12.338407382993722,0.0,12.45744804182741,33.29511773786174,33.29511773786174,33.29511773786174,12.439032294517089
64,6.5,0.0,0.1,10000.0,12.439032294517089,0.0,12.466138376625366,33.29511773786174,33.29511773786174,33.29511773786174,12.538919067389772
65,6.6,0.0,0.1,10000.0,12.538919067389772,0.0,12.474834772558472,33.29511773786174,33.29511773786174,33.29511773786174,12.638085251545125
66,6.7,0.0,0.1,10000.0,12.638085251545125,0.0,12.483537233857927,33.29511773786174,33.29511773786174,33.29511773786174,12.73654772606274
67,6.8,0.0,0.1,10000.0,12.73654772606274,0.0,12.492245764757866,33.29511773786174,33.29511773786174,33.29511773786174,12.834322734455958
68,6.9,0.0,0.1,10000.0,12.834322734455958,0.0,12.500960369495374,33.29511773786174,33.29511773786174,33.29511773786174,12.931425917609982
69,7.0,0.0,0.1,10000.0,12.931425917609982,0.0,12.509681052310476,33.29511773786174,33.29511773786174,33.29511773786174,13.027872344558968
70,7.1,0.0,0.1,10000.0,13.027872344558968,0.0,12.518407817446139,33.29511773786174,33.29511773786174,33.29511773786174,13.1236765412728
71,7.2,0.0,0.1,10000.0,13.1236765412728,0.0,12.527140669148267,33.29511773786174,33.29511773786174,33.29511773786174,13.218852517608598
72,7.3,0.0,0.1,10000.0,13.218852517608598,0.0,12.535879611665733,33.29511773786174,33.29511773786174,33.29511773786174,13.313413792567902
73,7.4,0.0,0.1,10000.0,13.313413792567902,0.0,12.544624649250341,33.29511773786174,33.29511773786174,33.29511773786174,13.407373417987902
74,7.5,0.0,0.1,10000.0,13.407373417987902,0.0,12.553375786156861,33.29511773786174,33.29511773786174,33.29511773786174,13.500744000783705
75,7.6,0.0,0.1,10000.0,13.500744000783705,0.0,12.562133026643009,33.29511773786174,33.29511773786174,33.29511773786174,13.593537723848456
76,7.7,0.0,0.1,10000.0,13.593537723848456,0.0,12.570896374969466,33.29511773786174,33.29511773786174,33.29511773786174,13.685766365708975
77,7.8,0.0,0.1,10000.0,13.685766365708975,0.0,12.579665835399858,33.29511773786174,33.29511773786174,33.29511773786174,13.777441319026229
78,7.9,0.0,0.1,10000.0,13.777441319026229,0.0,12.588441412200796,33.29511773786174,33.29511773786174,33.29511773786174,13.868573608022547
79,8.0,0.0,0.1,10000.0,13.868573608022547,0.0,12.597223109641826,33.29511773786174,33.29511773786174,33.29511773786174,13.959173904910656
80,8.1,0.0,0.1,10000.0,13.959173904910656,0.0,12.606010931995481,33.29511773786174,33.29511773786174,33.29511773786174,14.04925254539351
81,8.2,0.0,0.1,10000.0,14.04925254539351,0.0,12.614804883537253,33.29511773786174,33.29511773786174,33.29511773786174,14.138819543298343
82,8.3,0.0,0.1,10000.0,14.138819543298343,0.0,12.623604968545603,33.29511773786174,33.29511773786174,33.29511773786174,14.22788460440327
83,8.4,0.0,0.1,10000.0,14.22788460440327,0.0,12.632411191301966,33.29511773786174,33.29511773786174,33.29511773786174,14.316457139510241
84,8.5,0.0,0.1,10000.0,14.316457139510241,0.0,12.641223556090752,33.29511773786174,33.29511773786174,33.29511773786174,14.404546276813916
85,8.6,0.0,0.1,10000.0,14.404546276813916,0.0,12.650042067199346,33.29511773786174,33.29511773786174,33.29511773786174,14.492160873612233
86,8.7,0.0,0.1,10000.0,14.492160873612233,0.0,12.65886672891811,33.29511773786174,33.29511773786174,33.29511773786174,14.579309527400993
87,8.8,0.0,0.1,10000.0,14.579309527400993,0.0,12.66769754554039,33.29511773786174,33.29511773786174,33.29511773786174,14.666000586391569
88,8.9,0.0,0.1,10000.0,14.666000586391569,0.0,12.676534521362509,33.29511773786174,33.29511773786174,33.29511773786174,14.752242159487981
89,9.0,0.0,0.1,10000.0,14.752242159487981,0.0,12.68537766068378,33.29511773786174,33.29511773786174,33.29511773786174,14.838042125756886
90,9.1,0.0,0.1,10000.0,14.838042125756886,0.0,12.6942269678065,33.29511773786174,33.29511773786174,33.29511773786174,14.923408143421634
91,9.2,0.0,0.1,10000.0,14.923408143421634,0.0,12.703082447035962,33.29511773786174,33.29511773786174,33.29511773786174,15.008347658409276
92,9.3,0.0,0.1,10000.0,15.008347658409276,0.0,12.711944102680434,33.29511773786174,33.29511773786174,33.29511773786174,15.092867912477384
93,9.4,0.0,0.1,10000.0,15.092867912477384,0.0,12.720811939051192,33.29511773786174,33.29511773786174,33.29511773786174,15.176975950945629
94,9.5,0.0,0.1,10000.0,15.176975950945629,0.0,12.729685960462506,33.29511773786174,33.29511773786174,33.29511773786174,15.260678630055358
95,9.6,0.0,0.1,10000.0,15.260678630055358,0.0,12.73856617123164,33.29511773786174,33.29511773786174,33.29511773786174,15.343982623978823
96,9.7,0.0,0.1,10000.0,15.343982623978823,0.0,12.747452575678855,33.29511773786174,33.29511773786174,33.29511773786174,15.426894431498178
97,9.8,0.0,0.1,10000.0,15.426894431498178,0.0,12.756345178127416,33.29511773786174,33.29511773786174,33.29511773786174,15.509420382373102
98,9.9,0.0,0.1,10000.0,15.509420382373102,0.0,12.7652439829036,33.29511773786174,33.29511773786174,33.29511773786174,15.59156664341456
99,10.0,0.0,0.1,10000.0,15.59156664341456,0.0,12.774148994336677,33.29511773786174,33.29511773786174,33.29511773786174,15.673339224281127
100,10.1,0.0,0.1,10000.0,15.673339224281127,0.0,12.783060216758937,33.29511773786174,33.29511773786174,33.29511773786174,15.754743983013194
101,10.2,0.0,0.1,10000.0,15.754743983013194,0.0,12.79197765450568,33.29511773786174,33.29511773786174,33.29511773786174,15.835786631319376
102,10.3,0.0,0.1,10000.0,15.835786631319376,0.0,12.8009013119152,33.29511773786174,33.29511773786174,33.29511773786174,15.916472739628565
103,10.4,0.0,0.1,10000.0,15.916472739628565,0.0,12.809831193328835,33.29511773786174,33.29511773786174,33.29511773786174,15.99680774192018
104,10.5,0.0,0.1,10000.0,15.99680774192018,0.0,12.818767303090917,33.29511773786174,33.29511773786174,33.29511773786174,16.076796940344405
105,10.6,0.0,0.1,10000.0,16.076796940344405,0.0,12.827709645548815,33.29511773786174,33.29511773786174,33.29511773786174,16.156445509643444
106,10.7,0.0,0.1,10000.0,16.156445509643444,0.0,12.836658225052902,33.29511773786174,33.29511773786174,33.29511773786174,16.235758501384193
107,10.8,0.0,0.1,10000.0,16.235758501384193,0.0,12.845613045956584,33.29511773786174,33.29511773786174,33.29511773786174,16.314740848012033
108,10.9,0.0,0.1,10000.0,16.314740848012033,0.0,12.854574112616291,33.29511773786174,33.29511773786174,33.29511773786174,16.3933973667349
109,11.0,0.0,0.1,10000.0,16.3933973667349,0.0,12.863541429391487,33.29511773786174,33.29511773786174,33.29511773786174,16.47173276324624
110,11.1,0.0,0.1,10000.0,16.47173276324624,0.0,12.872515000644656,33.29511773786174,33.29511773786174,33.29511773786174,16.54975163529495
111,11.2,0.0,0.1,10000.0,16.54975163529495,0.0,12.88149483074132,33.29511773786174,33.29511773786174,33.29511773786174,16.62745847610987
112,11.3,0.0,0.1,10000.0,16.62745847610987,0.0,12.890480924050028,33.29511773786174,33.29511773786174,33.29511773786174,16.704857677686043
113,11.4,0.0,0.1,10000.0,16.704857677686043,0.0,12.89947328494238,33.29511773786174,33.29511773786174,33.29511773786174,16.781953533939515
114,11.5,0.0,0.1,10000.0,16.781953533939515,0.0,12.908471917793005,33.29511773786174,33.29511773786174,33.29511773786174,16.858750243736957
115,11.6,0.0,0.1,10000.0,16.858750243736957,0.0,12.917476826979573,33.29511773786174,33.29511773786174,33.29511773786174,16.935251913806226
116,11.7,0.0,0.1,10000.0,16.935251913806226,0.0,12.926488016882796,33.29511773786174,33.29511773786174,33.29511773786174,17.011462561533463
117,11.8,0.0,0.1,10000.0,17.011462561533463,0.0,12.935505491886442,33.29511773786174,33.29511773786174,33.29511773786174,17.087386117652112
118,11.9,0.0,0.1,10000.0,17.087386117652112,0.0,12.944529256377306,33.29511773786174,33.29511773786174,33.29511773786174,17.163026428828896
119,12.0,0.0,0.1,10000.0,17.163026428828896,0.0,12.953559314745261,33.29511773786174,33.29511773786174,33.29511773786174,17.238387260151566
120,12.1,0.0,0.1,10000.0,17.238387260151566,0.0,12.962595671383202,33.29511773786174,33.29511773786174,33.29511773786174,17.31347229752291
121,12.2,0.0,0.1,10000.0,17.31347229752291,0.0,12.971638330687098,33.29511773786174,33.29511773786174,33.29511773786174,17.38828514996532
122,12.3,0.0,0.1,10000.0,17.38828514996532,0.0,12.980687297055963,33.29511773786174,33.29511773786174,33.29511773786174,17.462829351839947
123,12.4,0.0,0.1,10000.0,17.462829351839947,0.0,12.989742574891881,33.29511773786174,33.29511773786174,33.29511773786174,17.537108364984313
124,12.5,0.0,0.1,10000.0,17.537108364984313,0.0,12.99880416859999,33.29511773786174,33.29511773786174,33.29511773786174,17.611125580771958
125,12.6,0.0,0.1,10000.0,17.611125580771958,0.0,13.007872082588484,33.29511773786174,33.29511773786174,33.29511773786174,17.68488432209762
126,12.7,0.0,0.1,10000.0,17.68488432209762,0.0,13.016946321268634,33.29511773786174,33.29511773786174,33.29511773786174,17.758387845291168
127,12.8,0.0,0.1,10000.0,17.758387845291168,0.0,13.026026889054771,33.29511773786174,33.29511773786174,33.29511773786174,17.831639341963427
128,12.9,0.0,0.1,10000.0,17.831639341963427,0.0,13.035113790364301,33.29511773786174,33.29511773786174,33.29511773786174,17.904641940786792
129,13.0,0.0,0.1,10000.0,17.904641940786792,0.0,13.044207029617688,33.29511773786174,33.29511773786174,33.29511773786174,17.977398709213443
130,13.1,0.0,0.1,10000.0,17.977398709213443,0.0,13.053306611238494,33.29511773786174,33.29511773786174,33.29511773786174,18.049912655133816
131,13.2,0.0,0.1,10000.0,18.049912655133816,0.0,13.062412539653327,33.29511773786174,33.29511773786174,33.29511773786174,18.12218672847784
132,13.3,0.0,0.1,10000.0,18.12218672847784,0.0,13.071524819291898,33.29511773786174,33.29511773786174,33.29511773786174,18.194223822761327
133,13.4,0.0,0.1,10000.0,18.194223822761327,0.0,13.080643454586987,33.29511773786174,33.29511773786174,33.29511773786174,18.266026776579814
134,13.5,0.0,0.1,10000.0,18.266026776579814,0.0,13.089768449974455,33.29511773786174,33.29511773786174,33.29511773786174,18.33759837505199
135,13.6,0.0,0.1,10000.0,18.33759837505199,0.0,13.098899809893254,33.29511773786174,33.29511773786174,33.29511773786174,18.408941351214807
136,13.7,0.0,0.1,10000.0,18.408941351214807,0.0,13.10803753878542,33.29511773786174,33.29511773786174,33.29511773786174,18.480058387372203
137,13.8,0.0,0.1,10000.0,18.480058387372203,0.0,13.117181641096074,33.29511773786174,33.29511773786174,33.29511773786174,18.55095211639932
138,13.9,0.0,0.1,10000.0,18.55095211639932,0.0,13.12633212127344,33.29511773786174,33.29511773786174,33.29511773786174,18.621625123004012
139,14.0,0.0,0.1,10000.0,18.621625123004012,0.0,13.13548898376882,33.29511773786174,33.29511773786174,33.29511773786174,18.692079944947313
140,14.1,0.0,0.1,10000.0,18.692079944947313,0.0,13.144652233036625,33.29511773786174,33.29511773786174,33.29511773786174,18.762319074224497
141,14.2,0.0,0.1,10000.0,18.762319074224497,0.0,13.153821873534357,33.29511773786174,33.29511773786174,33.29511773786174,18.83234495820828
142,14.3,0.0,0.1,10000.0,18.83234495820828,0.0,13.162997909722609,33.29511773786174,33.29511773786174,33.29511773786174,18.902160000755625
143,14.4,0.0,0.1,10000.0,18.902160000755625,0.0,13.172180346065094,33.29511773786174,33.29511773786174,33.29511773786174,18.97176656327954
144,14.5,0.0,0.1,10000.0,18.97176656327954,0.0,13.181369187028634,33.29511773786174,33.29511773786174,33.29511773786174,19.041166965787266
145,14.6,0.0,0.1,10000.0,19.041166965787266,0.0,13.190564437083134,33.29511773786174,33.29511773786174,33.29511773786174,19.110363487886058
146,14.7,0.0,0.1,10000.0,19.110363487886058,0.0,13.199766100701625,33.29511773786174,33.29511773786174,33.29511773786174,19.179358369757853
147,14.8,0.0,0.1,10000.0,19.179358369757853,0.0,13.208974182360238,33.29511773786174,33.29511773786174,33.29511773786174,19.248153813103954
148,14.9,0.0,0.1,10000.0,19.248153813103954,0.0,13.218188686538227,33.29511773786174,33.29511773786174,33.29511773786174,19.31675198206085
149,15.0,0.0,0.1,10000.0,19.31675198206085,0.0,13.22740961771796,33.29511773786174,33.29511773786174,33.29511773786174,19.385115377016238
150,15.1,0.0,0.1,10000.0,19.385115377016238,0.0,13.228955218897834,33.29511773786174,33.29511773786174,33.29511773786174,19.453179927251085
151,15.2,0.0,0.1,10000.0,19.453179927251085,0.0,13.2175555088661,33.29511773786174,33.29511773786174,33.29511773786174,19.5209488090731
152,15.3,0.0,0.1,10000.0,19.5209488090731,0.0,13.206165622239668,33.29511773786174,33.29511773786174,33.29511773786174,19.588425141306363
153,15.4,0.0,0.1,10000.0,19.588425141306363,0.0,13.194785550553467,33.29511773786174,33.29511773786174,33.29511773786174,19.655611986749054
154,15.5,0.0,0.1,10000.0,19.655611986749054,0.0,13.183415285349733,33.29511773786174,33.29511773786174,33.29511773786174,19.72251235358388
155,15.6,0.0,0.1,10000.0,19.72251235358388,0.0,13.172054818177978,33.29511773786174,33.29511773786174,33.29511773786174,19.78912919674304
156,15.7,0.0,0.1,10000.0,19.78912919674304,0.0,13.160704140595003,33.29511773786174,33.29511773786174,33.29511773786174,19.85546541922956
157,15.8,0.0,0.1,10000.0,19.85546541922956,0.0,13.149363244164883,33.29511773786174,33.29511773786174,33.29511773786174,19.92152387339665
158,15.9,0.0,0.1,10000.0,19.92152387339665,0.0,13.138032120458963,33.29511773786174,33.29511773786174,33.29511773786174,19.98730736218673
159,16.0,0.0,0.1,10000.0,19.98730736218673,0.0,13.12671076105585,33.29511773786174,33.29511773786174,33.29511773786174,20.05281864033164
160,16.1,0.0,0.1,10000.0,20.05281864033164,0.0,13.11539915754141,33.29511773786174,33.29511773786174,33.29511773786174,20.118060415515554
161,16.2,0.0,0.1,10000.0,20.118060415515554,0.0,13.104097301508755,33.29511773786174,33.29511773786174,33.29511773786174,20.183035349501957
162,16.3,0.0,0.1,10000.0,20.183035349501957,0.0,13.092805184558248,33.29511773786174,33.29511773786174,33.29511773786174,20.247746059226074
163,16.4,0.0,0.1,10000.0,20.247746059226074,0.0,13.081522798297486,33.29511773786174,33.29511773786174,33.29511773786174,20.312195117854035
164,16.5,0.0,0.1,10000.0,20.312195117854035,0.0,13.070250134341297,33.29511773786174,33.29511773786174,33.29511773786174,20.376385055809962
165,16.6,0.0,0.1,10000.0,20.376385055809962,0.0,13.05898718431174,33.29511773786174,33.29511773786174,33.29511773786174,20.440318361772235
166,16.7,0.0,0.1,10000.0,20.440318361772235,0.0,13.047733939838087,33.29511773786174,33.29511773786174,33.29511773786174,20.503997483639978
167,16.8,0.0,0.1,10000.0,20.503997483639978,0.0,13.036490392556827,33.29511773786174,33.29511773786174,33.29511773786174,20.56742482947092
168,16.9,0.0,0.1,10000.0,20.56742482947092,0.0,13.025256534111653,33.29511773786174,33.29511773786174,33.29511773786174,20.630602768391608
169,17.0,0.0,0.1,10000.0,20.630602768391608,0.0,13.014032356153466,33.29511773786174,33.29511773786174,33.29511773786174,20.693533631481007
170,17.1,0.0,0.1,10000.0,20.693533631481007,0.0,13.002817850340353,33.29511773786174,33.29511773786174,33.29511773786174,20.756219712628383
171,17.2,0.0,0.1,10000.0,20.756219712628383,0.0,12.991613008337595,33.29511773786174,33.29511773786174,33.29511773786174,20.81866326936642
172,17.3,0.0,0.1,10000.0,20.81866326936642,0.0,12.980417821817651,33.29511773786174,33.29511773786174,33.29511773786174,20.880866523680442
173,17.4,0.0,0.1,10000.0,20.880866523680442,0.0,12.96923228246016,33.29511773786174,33.29511773786174,33.29511773786174,20.942831662794525
174,17.5,0.0,0.1,10000.0,20.942831662794525,0.0,12.95805638195193,33.29511773786174,33.29511773786174,33.29511773786174,21.004560839935365
175,17.6,0.0,0.1,10000.0,21.004560839935365,0.0,12.946890111986932,33.29511773786174,33.29511773786174,33.29511773786174,21.066056175074618
176,17.7,0.0,0.1,10000.0,21.066056175074618,0.0,12.935733464266292,33.29511773786174,33.29511773786174,33.29511773786174,21.12731975565048
177,17.8,0.0,0.1,10000.0,21.12731975565048,0.0,12.924586430498293,33.29511773786174,33.29511773786174,33.29511773786174,21.188353637269195
178,17.9,0.0,0.1,10000.0,21.188353637269195,0.0,12.913449002398355,33.29511773786174,33.29511773786174,33.29511773786174,21.249159844387176
179,18.0,0.0,0.1,10000.0,21.249159844387176,0.0,12.902321171689048,33.29511773786174,33.29511773786174,33.29511773786174,21.309740370974406
180,18.1,0.0,0.1,10000.0,21.309740370974406,0.0,12.891202930100066,33.29511773786174,33.29511773786174,33.29511773786174,21.370097181159707
181,18.2,0.0,0.1,10000.0,21.370097181159707,0.0,12.88009426936823,33.29511773786174,33.29511773786174,33.29511773786174,21.43023220985852
182,18.3,0.0,0.1,10000.0,21.43023220985852,0.0,12.868995181237489,33.29511773786174,33.29511773786174,33.29511773786174,21.490147363383745
183,18.4,0.0,0.1,10000.0,21.490147363383745,0.0,12.857905657458899,33.29511773786174,33.29511773786174,33.29511773786174,21.549844520040217
184,18.5,0.0,0.1,10000.0,21.549844520040217,0.0,12.846825689790627,33.29511773786174,33.29511773786174,33.29511773786174,21.609325530703334
185,18.6,0.0,0.1,10000.0,21.609325530703334,0.0,12.835755269997941,33.29511773786174,33.29511773786174,33.29511773786174,21.668592219382354
186,18.7,0.0,0.1,10000.0,21.668592219382354,0.0,12.82469438985321,33.29511773786174,33.29511773786174,33.29511773786174,21.727646383768874
187,18.8,0.0,0.1,10000.0,21.727646383768874,0.0,12.813643041135885,33.29511773786174,33.29511773786174,33.29511773786174,21.786489795770937
188,18.9,0.0,0.1,10000.0,21.786489795770937,0.0,12.802601215632507,33.29511773786174,33.29511773786174,33.29511773786174,21.84512420203324
189,19.0,0.0,0.1,10000.0,21.84512420203324,0.0,12.791568905136689,33.29511773786174,33.29511773786174,33.29511773786174,21.903551324443903
190,19.1,0.0,0.1,10000.0,21.903551324443903,0.0,12.780546101449124,33.29511773786174,33.29511773786174,33.29511773786174,21.961772860628162
191,19.2,0.0,0.1,10000.0,21.961772860628162,0.0,12.769532796377566,33.29511773786174,33.29511773786174,33.29511773786174,22.019790484429482
192,19.3,0.0,0.1,10000.0,22.019790484429482,0.0,12.758528981736825,33.29511773786174,33.29511773786174,33.29511773786174,22.077605846378383
193,19.4,0.0,0.1,10000.0,22.077605846378383,0.0,12.74753464934877,33.29511773786174,33.29511773786174,33.29511773786174,22.135220574149457
194,19.5,0.0,0.1,10000.0,22.135220574149457,0.0,12.736549791042314,33.29511773786174,33.29511773786174,33.29511773786174,22.192636273006865
195,19.6,0.0,0.1,10000.0,22.192636273006865,0.0,12.725574398653414,33.29511773786174,33.29511773786174,33.29511773786174,22.249854526238707
196,19.7,0.0,0.1,10000.0,22.249854526238707,0.0,12.714608464025057,33.29511773786174,33.29511773786174,33.29511773786174,22.306876895580576
197,19.8,0.0,0.1,10000.0,22.306876895580576,0.0,12.703651979007264,33.29511773786174,33.29511773786174,33.29511773786174,22.36370492162866
198,19.9,0.0,0.1,10000.0,22.36370492162866,0.0,12.692704935457076,33.29511773786174,33.29511773786174,33.29511773786174,22.420340124242667
199,20.0,0.0,0.1,10000.0,22.420340124242667,0.0,12.681767325238559,33.29511773786174,33.29511773786174,33.29511773786174,22.476784002938903
200,20.1,0.0,0.1,10000.0,22.476784002938903,0.0,12.670839140222775,33.29511773786174,33.29511773786174,33.29511773786174,22.533038037273798
201,20.2,0.0,0.1,10000.0,22.533038037273798,0.0,12.659920372287804,33.29511773786174,33.29511773786174,33.29511773786174,22.589103687218127
202,20.3,0.0,0.1,10000.0,22.589103687218127,0.0,12.649011013318717,33.29511773786174,33.29511773786174,33.29511773786174,22.64498239352226
203,20.4,0.0,0.1,10000.0,22.64498239352226,0.0,12.638111055207586,33.29511773786174,33.29511773786174,33.29511773786174,22.700675578072644
204,20.5,0.0,0.1,10000.0,22.700675578072644,0.0,12.62722048985346,33.29511773786174,33.29511773786174,33.29511773786174,22.75618464423982
205,20.6,0.0,0.1,10000.0,22.75618464423982,0.0,12.616339309162376,33.29511773786174,33.29511773786174,33.29511773786174,22.81151097721818
206,20.7,0.0,0.1,10000.0,22.81151097721818,0.0,12.605467505047343,33.29511773786174,33.29511773786174,33.29511773786174,22.866655944357742
207,20.8,0.0,0.1,10000.0,22.866655944357742,0.0,12.594605069428338,33.29511773786174,33.29511773786174,33.29511773786174,22.921620895488125
208,20.9,0.0,0.1,10000.0,22.921620895488125,0.0,12.583751994232303,33.29511773786174,33.29511773786174,33.29511773786174,22.976407163234995
209,21.0,0.0,0.1,10000.0,22.976407163234995,0.0,12.572908271393135,33.29511773786174,33.29511773786174,33.29511773786174,23.03101606332918
210,21.1,0.0,0.1,10000.0,23.03101606332918,0.0,12.562073892851684,33.29511773786174,33.29511773786174,33.29511773786174,23.085448894908627
211,21.2,0.0,0.1,10000.0,23.085448894908627,0.0,12.551248850555739,33.29511773786174,33.29511773786174,33.29511773786174,23.139706940813443
212,21.3,0.0,0.1,10000.0,23.139706940813443,0.0,12.540433136460036,33.29511773786174,33.29511773786174,33.29511773786174,23.193791467874224
213,21.4,0.0,0.1,10000.0,23.193791467874224,0.0,12.52962674252624,33.29511773786174,33.29511773786174,33.29511773786174,23.24770372719378
214,21.5,0.0,0.1,10000.0,23.24770372719378,0.0,12.51882966072294,33.29511773786174,33.29511773786174,33.29511773786174,23.30144495442256
215,21.6,0.0,0.1,10000.0,23.30144495442256,0.0,12.508041883025648,33.29511773786174,33.29511773786174,33.29511773786174,23.355016370027833
216,21.7,0.0,0.1,10000.0,23.355016370027833,0.0,12.497263401416792,33.29511773786174,33.29511773786174,33.29511773786174,23.408419179556855
217,21.8,0.0,0.1,10000.0,23.408419179556855,0.0,12.486494207885707,33.29511773786174,33.29511773786174,33.29511773786174,23.461654573894208
218,21.9,0.0,0.1,10000.0,23.461654573894208,0.0,12.475734294428635,33.29511773786174,33.29511773786174,33.29511773786174,23.514723729513406
219,22.0,0.0,0.1,10000.0,23.514723729513406,0.0,12.464983653048712,33.29511773786174,33.29511773786174,33.29511773786174,23.567627808722964
220,22.1,0.0,0.1,10000.0,23.567627808722964,0.0,12.454242275755965,33.29511773786174,33.29511773786174,33.29511773786174,23.620367959907092
221,22.2,0.0,0.1,10000.0,23.620367959907092,0.0,12.443510154567305,33.29511773786174,33.29511773786174,33.29511773786174,23.67294531776109
222,22.3,0.0,0.1,10000.0,23.67294531776109,0.0,12.432787281506526,33.29511773786174,33.29511773786174,33.29511773786174,23.725361003521687
223,22.4,0.0,0.1,10000.0,23.725361003521687,0.0,12.42207364860429,33.29511773786174,33.29511773786174,33.29511773786174,23.77761612519235
224,22.5,0.0,0.1,10000.0,23.77761612519235,0.0,12.411369247898131,33.29511773786174,33.29511773786174,33.29511773786174,23.82971177776378
225,22.6,0.0,0.1,10000.0,23.82971177776378,0.0,12.40067407143244,33.29511773786174,33.29511773786174,33.29511773786174,23.881649043429675
226,22.7,0.0,0.1,10000.0,23.881649043429675,0.0,12.389988111258472,33.29511773786174,33.29511773786174,33.29511773786174,23.933428991797904
227,22.8,0.0,0.1,10000.0,23.933428991797904,0.0,12.379311359434322,33.29511773786174,33.29511773786174,33.29511773786174,23.98505268009719
228,22.9,0.0,0.1,10000.0,23.98505268009719,0.0,12.368643808024933,33.29511773786174,33.29511773786174,33.29511773786174,24.036521153379454
229,23.0,0.0,0.1,10000.0,24.036521153379454,0.0,12.357985449102086,33.29511773786174,33.29511773786174,33.29511773786174,24.087835444717875
230,23.1,0.0,0.1,10000.0,24.087835444717875,0.0,12.347336274744393,33.29511773786174,33.29511773786174,33.29511773786174,24.138996575400853
231,23.2,0.0,0.1,10000.0,24.138996575400853,0.0,12.336696277037296,33.29511773786174,33.29511773786174,33.29511773786174,24.190005555121907
232,23.3,0.0,0.1,10000.0,24.190005555121907,0.0,12.32606544807305,33.29511773786174,33.29511773786174,33.29511773786174,24.240863382165635
233,23.4,0.0,0.1,10000.0,24.240863382165635,0.0,12.315443779950726,33.29511773786174,33.29511773786174,33.29511773786174,24.291571043589872
234,23.5,0.0,0.1,10000.0,24.291571043589872,0.0,12.304831264776212,33.29511773786174,33.29511773786174,33.29511773786174,24.34212951540408
235,23.6,0.0,0.1,10000.0,24.34212951540408,0.0,12.294227894662185,33.29511773786174,33.29511773786174,33.29511773786174,24.3925397627441
236,23.7,0.0,0.1,10000.0,24.3925397627441,0.0,12.28363366172813,33.29511773786174,33.29511773786174,33.29511773786174,24.44280274004338
237,23.8,0.0,0.1,10000.0,24.44280274004338,0.0,12.273048558100317,33.29511773786174,33.29511773786174,33.29511773786174,24.492919391200687
238,23.9,0.0,0.1,10000.0,24.492919391200687,0.0,12.262472575911803,33.29511773786174,33.29511773786174,33.29511773786174,24.542890649744482
239,24.0,0.0,0.1,10000.0,24.542890649744482,0.0,12.25190570730242,33.29511773786174,33.29511773786174,33.29511773786174,24.592717438993983
240,24.1,0.0,0.1,10000.0,24.592717438993983,0.0,12.241347944418782,33.29511773786174,33.29511773786174,33.29511773786174,24.642400672217015
241,24.2,0.0,0.1,10000.0,24.642400672217015,0.0,12.230799279414265,33.29511773786174,33.29511773786174,33.29511773786174,24.691941252784712
242,24.3,0.0,0.1,10000.0,24.691941252784712,0.0,12.220259704449004,33.29511773786174,33.29511773786174,33.29511773786174,24.741340074323166
243,24.4,0.0,0.1,10000.0,24.741340074323166,0.0,12.209729211689895,33.29511773786174,33.29511773786174,33.29511773786174,24.79059802086209
244,24.5,0.0,0.1,10000.0,24.79059802086209,0.0,12.19920779331058,33.29511773786174,33.29511773786174,33.29511773786174,24.839715966980574
245,24.6,0.0,0.1,10000.0,24.839715966980574,0.0,12.188695441491447,33.29511773786174,33.29511773786174,33.29511773786174,24.888694777949958
246,24.7,0.0,0.1,10000.0,24.888694777949958,0.0,12.178192148419626,33.29511773786174,33.29511773786174,33.29511773786174,24.937535309873976
247,24.8,0.0,0.1,10000.0,24.937535309873976,0.0,12.16769790628897,33.29511773786174,33.29511773786174,33.29511773786174,24.986238409826147
248,24.9,0.0,0.1,10000.0,24.986238409826147,0.0,12.157212707300067,33.29511773786174,33.29511773786174,33.29511773786174,25.034804915984534
249,25.0,0.0,0.1,10000.0,25.034804915984534,0.0,12.146736543660227,33.29511773786174,33.29511773786174,33.29511773786174,25.083235657763932
250,25.1,0.0,0.1,10000.0,25.083235657763932,0.0,12.136269407583466,33.29511773786174,33.29511773786174,33.29511773786174,25.1315314559455
251,25.2,0.0,0.1,10000.0,25.1315314559455,0.0,12.125811291290516,33.29511773786174,33.29511773786174,33.29511773786174,25.179693122803936
252,25.3,0.0,0.1,10000.0,25.179693122803936,0.0,12.115362187008815,33.29511773786174,33.29511773786174,33.29511773786174,25.227721462232264
253,25.4,0.0,0.1,10000.0,25.227721462232264,0.0,12.104922086972492,33.29511773786174,33.29511773786174,33.29511773786174,25.27561726986423
254,25.5,0.0,0.1,10000.0,25.27561726986423,0.0,12.094490983422375,33.29511773786174,33.29511773786174,33.29511773786174,25.32338133319443
255,25.6,0.0,0.1,10000.0,25.32338133319443,0.0,12.084068868605968,33.29511773786174,33.29511773786174,33.29511773786174,25.371014431696175
256,25.7,0.0,0.1,10000.0,25.371014431696175,0.0,12.07365573477747,33.29511773786174,33.29511773786174,33.29511773786174,25.41851733693716
257,25.8,0.0,0.1,10000.0,25.41851733693716,0.0,12.063251574197743,33.29511773786174,33.29511773786174,33.29511773786174,25.465890812693
258,25.9,0.0,0.1,10000.0,25.465890812693,0.0,12.052856379134322,33.29511773786174,33.29511773786174,33.29511773786174,25.513135615058648
259,26.0,0.0,0.1,10000.0,25.513135615058648,0.0,12.042470141861408,33.29511773786174,33.29511773786174,33.29511773786174,25.560252492557776
260,26.1,0.0,0.1,10000.0,25.560252492557776,0.0,12.032092854659851,33.29511773786174,33.29511773786174,33.29511773786174,25.60724218625015
261,26.2,0.0,0.1,10000.0,25.60724218625015,0.0,12.021724509817163,33.29511773786174,33.29511773786174,33.29511773786174,25.65410542983705
262,26.3,0.0,0.1,10000.0,25.65410542983705,0.0,12.011365099627497,33.29511773786174,33.29511773786174,33.29511773786174,25.700842949764763
263,26.4,0.0,0.1,10000.0,25.700842949764763,0.0,12.001014616391647,33.29511773786174,33.29511773786174,33.29511773786174,25.74745546532621
264,26.5,0.0,0.1,10000.0,25.74745546532621,0.0,11.990673052417037,33.29511773786174,33.29511773786174,33.29511773786174,25.793943688760745
265,26.6,0.0,0.1,10000.0,25.793943688760745,0.0,11.980340400017731,33.29511773786174,33.29511773786174,33.29511773786174,25.84030832535214
266,26.7,0.0,0.1,10000.0,25.84030832535214,0.0,11.970016651514404,33.29511773786174,33.29511773786174,33.29511773786174,25.886550073524862
267,26.8,0.0,0.1,10000.0,25.886550073524862,0.0,11.95970179923436,33.29511773786174,33.29511773786174,33.29511773786174,25.932669624938587
268,26.9,0.0,0.1,10000.0,25.932669624938587,0.0,11.949395835511503,33.29511773786174,33.29511773786174,33.29511773786174,25.97866766458106
269,27.0,0.0,0.1,10000.0,25.97866766458106,0.0,11.939098752686348,33.29511773786174,33.29511773786174,33.29511773786174,26.024544870859334
270,27.1,0.0,0.1,10000.0,26.024544870859334,0.0,11.928810543106017,33.29511773786174,33.29511773786174,33.29511773786174,26.07030191568935
271,27.2,0.0,0.1,10000.0,26.07030191568935,0.0,11.918531199124216,33.29511773786174,33.29511773786174,33.29511773786174,26.115939464584
272,27.3,0.0,0.1,10000.0,26.115939464584,0.0,11.908260713101246,33.29511773786174,33.29511773786174,33.29511773786174,26.16145817673963
273,27.4,0.0,0.1,10000.0,26.16145817673963,0.0,11.897999077403991,33.29511773786174,33.29511773786174,33.29511773786174,26.206858705121032
274,27.5,0.0,0.1,10000.0,26.206858705121032,0.0,11.88774628440591,33.29511773786174,33.29511773786174,33.29511773786174,26.252141696544978
275,27.6,0.0,0.1,10000.0,26.252141696544978,0.0,11.877502326487038,33.29511773786174,33.29511773786174,33.29511773786174,26.2973077917623
276,27.7,0.0,0.1,10000.0,26.2973077917623,0.0,11.867267196033971,33.29511773786174,33.29511773786174,33.29511773786174,26.342357625538572
277,27.8,0.0,0.1,10000.0,26.342357625538572,0.0,11.857040885439872,33.29511773786174,33.29511773786174,33.29511773786174,26.387291826733396
278,27.9,0.0,0.1,10000.0,26.387291826733396,0.0,11.846823387104454,33.29511773786174,33.29511773786174,33.29511773786174,26.432111018378343
279,28.0,0.0,0.1,10000.0,26.432111018378343,0.0,11.83661469343398,33.29511773786174,33.29511773786174,33.29511773786174,26.47681581775358
280,28.1,0.0,0.1,10000.0,26.47681581775358,0.0,11.82641479684126,33.29511773786174,33.29511773786174,33.29511773786174,26.521406836463168
281,28.2,0.0,0.1,10000.0,26.521406836463168,0.0,11.816223689745636,33.29511773786174,33.29511773786174,33.29511773786174,26.565884680509132
282,28.3,0.0,0.1,10000.0,26.565884680509132,0.0,11.80604136457299,33.29511773786174,33.29511773786174,33.29511773786174,26.610249950364256
283,28.4,0.0,0.1,10000.0,26.610249950364256,0.0,11.795867813755724,33.29511773786174,33.29511773786174,33.29511773786174,26.65450324104367
284,28.5,0.0,0.1,10000.0,26.65450324104367,0.0,11.785703029732767,33.29511773786174,33.29511773786174,33.29511773786174,26.698645142175238
285,28.6,0.0,0.1,10000.0,26.698645142175238,0.0,11.775547004949559,33.29511773786174,33.29511773786174,33.29511773786174,26.74267623806879
286,28.7,0.0,0.1,10000.0,26.74267623806879,0.0,11.765399731858054,33.29511773786174,33.29511773786174,33.29511773786174,26.786597107784193
287,28.8,0.0,0.1,10000.0,26.786597107784193,0.0,11.755261202916705,33.29511773786174,33.29511773786174,33.29511773786174,26.830408325198306
288,28.9,0.0,0.1,10000.0,26.830408325198306,0.0,11.745131410590465,33.29511773786174,33.29511773786174,33.29511773786174,26.87411045907084
289,29.0,0.0,0.1,10000.0,26.87411045907084,0.0,11.735010347350789,33.29511773786174,33.29511773786174,33.29511773786174,26.91770407310913
290,29.1,0.0,0.1,10000.0,26.91770407310913,0.0,11.724898005675605,33.29511773786174,33.29511773786174,33.29511773786174,26.961189726031858
291,29.2,0.0,0.1,10000.0,26.961189726031858,0.0,11.714794378049334,33.29511773786174,33.29511773786174,33.29511773786174,27.004567971631733
292,29.3,0.0,0.1,10000.0,27.004567971631733,0.0,11.70469945696287,33.29511773786174,33.29511773786174,33.29511773786174,27.04783935883717
293,29.4,0.0,0.1,10000.0,27.04783935883717,0.0,11.694613234913577,33.29511773786174,33.29511773786174,33.29511773786174,27.09100443177296
294,29.5,0.0,0.1,10000.0,27.09100443177296,0.0,11.684535704405285,33.29511773786174,33.29511773786174,33.29511773786174,27.13406372981997
295,29.6,0.0,0.1,10000.0,27.13406372981997,0.0,11.674466857948282,33.29511773786174,33.29511773786174,33.29511773786174,27.1770177876739
296,29.7,0.0,0.1,10000.0,27.1770177876739,0.0,11.664406688059312,33.29511773786174,33.29511773786174,33.29511773786174,27.219867135403067
297,29.8,0.0,0.1,10000.0,27.219867135403067,0.0,11.654355187261567,33.29511773786174,33.29511773786174,33.29511773786174,27.26261229850531
298,29.9,0.0,0.1,10000.0,27.26261229850531,0.0,11.644312348084682,33.29511773786174,33.29511773786174,33.29511773786174,27.30525379796397
299,30.0,0.0,0.1,10000.0,27.30525379796397,0.0,11.634278163064728,33.29511773786174,33.29511773786174,33.29511773786174,27.347792150303004
300,30.1,0.0,0.1,10000.0,27.347792150303004,0.0,11.624252624744212,33.29511773786174,33.29511773786174,33.29511773786174,27.390227867641208
301,30.2,0.0,0.1,10000.0,27.390227867641208,0.0,11.614235725672062,33.29511773786174,33.29511773786174,33.29511773786174,27.43256145774561
302,30.3,0.0,0.1,10000.0,27.43256145774561,0.0,11.60422745840363,33.29511773786174,33.29511773786174,33.29511773786174,27.474793424084012
303,30.4,0.0,0.1,10000.0,27.474793424084012,0.0,11.59422781550068,33.29511773786174,33.29511773786174,33.29511773786174,27.516924265876742
304,30.5,0.0,0.1,10000.0,27.516924265876742,0.0,11.584236789531394,33.29511773786174,33.29511773786174,33.29511773786174,27.558954478147577
305,30.6,0.0,0.1,10000.0,27.558954478147577,0.0,11.574254373070344,33.29511773786174,33.29511773786174,33.29511773786174,27.60088455177388
306,30.7,0.0,0.1,10000.0,27.60088455177388,0.0,11.564280558698515,33.29511773786174,33.29511773786174,33.29511773786174,27.642714973535988
307,30.8,0.0,0.1,10000.0,27.642714973535988,0.0,11.554315339003278,33.29511773786174,33.29511773786174,33.29511773786174,27.68444622616581
308,30.9,0.0,0.1,10000.0,27.68444622616581,0.0,11.544358706578393,33.29511773786174,33.29511773786174,33.29511773786174,27.726078788394712
309,31.0,0.0,0.1,10000.0,27.726078788394712,0.0,11.534410654024,33.29511773786174,33.29511773786174,33.29511773786174,27.767613135000648
310,31.1,0.0,0.1,10000.0,27.767613135000648,0.0,11.524471173946619,33.29511773786174,33.29511773786174,33.29511773786174,27.80904973685459
311,31.2,0.0,0.1,10000.0,27.80904973685459,0.0,11.514540258959139,33.29511773786174,33.29511773786174,33.29511773786174,27.85038906096625
312,31.3,0.0,0.1,10000.0,27.85038906096625,0.0,11.504617901680815,33.29511773786174,33.29511773786174,33.29511773786174,27.891631570529107
313,31.4,0.0,0.1,10000.0,27.891631570529107,0.0,11.494704094737264,33.29511773786174,33.29511773786174,33.29511773786174,27.932777724964772
314,31.5,0.0,0.1,10000.0,27.932777724964772,0.0,11.484798830760454,33.29511773786174,33.29511773786174,33.29511773786174,27.973827979966664
315,31.6,0.0,0.1,10000.0,27.973827979966664,0.0,11.474902102388704,33.29511773786174,33.29511773786174,33.29511773786174,28.014782787543066
316,31.7,0.0,0.1,10000.0,28.014782787543066,0.0,11.46501390226668,33.29511773786174,33.29511773786174,33.29511773786174,28.055642596059503
317,31.8,0.0,0.1,10000.0,28.055642596059503,0.0,11.455134223045382,33.29511773786174,33.29511773786174,33.29511773786174,28.09640785028052
318,31.9,0.0,0.1,10000.0,28.09640785028052,0.0,11.445263057382142,33.29511773786174,33.29511773786174,33.29511773786174,28.137078991410835
319,32.0,0.0,0.1,10000.0,28.137078991410835,0.0,11.435400397940628,33.29511773786174,33.29511773786174,33.29511773786174,28.17765645713588
320,32.1,0.0,0.1,10000.0,28.17765645713588,0.0,11.425546237390815,33.29511773786174,33.29511773786174,33.29511773786174,28.218140681661737
321,32.2,0.0,0.1,10000.0,28.218140681661737,0.0,11.415700568409008,33.29511773786174,33.29511773786174,33.29511773786174,28.258532095754525
322,32.3,0.0,0.1,10000.0,28.258532095754525,0.0,11.405863383677817,33.29511773786174,33.29511773786174,33.29511773786174,28.298831126779174
323,32.4,0.0,0.1,10000.0,28.298831126779174,0.0,11.396034675886158,33.29511773786174,33.29511773786174,33.29511773786174,28.33903819873765
324,32.5,0.0,0.1,10000.0,28.33903819873765,0.0,11.386214437729247,33.29511773786174,33.29511773786174,33.29511773786174,28.379153732306634
325,32.6,0.0,0.1,10000.0,28.379153732306634,0.0,11.376402661908598,33.29511773786174,33.29511773786174,33.29511773786174,28.419178144874632
326,32.7,0.0,0.1,10000.0,28.419178144874632,0.0,11.366599341132009,33.29511773786174,33.29511773786174,33.29511773786174,28.459111850578587
327,32.8,0.0,0.1,10000.0,28.459111850578587,0.0,11.356804468113564,33.29511773786174,33.29511773786174,33.29511773786174,28.498955260339937
328,32.9,0.0,0.1,10000.0,28.498955260339937,0.0,11.347018035573628,33.29511773786174,33.29511773786174,33.29511773786174,28.538708781900155
329,33.0,0.0,0.1,10000.0,28.538708781900155,0.0,11.337240036238835,33.29511773786174,33.29511773786174,33.29511773786174,28.57837281985581
330,33.1,0.0,0.1,10000.0,28.57837281985581,0.0,11.32747046284209,33.29511773786174,33.29511773786174,33.29511773786174,28.617947775693104
331,33.2,0.0,0.1,10000.0,28.617947775693104,0.0,11.317709308122557,33.29511773786174,33.29511773786174,33.29511773786174,28.65743404782192
332,33.3,0.0,0.1,10000.0,28.65743404782192,0.0,11.307956564825663,33.29511773786174,33.29511773786174,33.29511773786174,28.696832031609407
333,33.4,0.0,0.1,10000.0,28.696832031609407,0.0,11.298212225703075,33.29511773786174,33.29511773786174,33.29511773786174,28.736142119413074
334,33.5,0.0,0.1,10000.0,28.736142119413074,0.0,11.28847628351272,33.29511773786174,33.29511773786174,33.29511773786174,28.775364700613437
335,33.6,0.0,0.1,10000.0,28.775364700613437,0.0,11.278748731018757,33.29511773786174,33.29511773786174,33.29511773786174,28.814500161646187
336,33.7,0.0,0.1,10000.0,28.814500161646187,0.0,11.269029560991578,33.29511773786174,33.29511773786174,33.29511773786174,28.853548886033927
337,33.8,0.0,0.1,10000.0,28.853548886033927,0.0,11.259318766207814,33.29511773786174,33.29511773786174,33.29511773786174,28.892511254417464
338,33.9,0.0,0.1,10000.0,28.892511254417464,0.0,11.249616339450313,33.29511773786174,33.29511773786174,33.29511773786174,28.931387644586657
339,34.0,0.0,0.1,10000.0,28.931387644586657,0.0,11.239922273508144,33.29511773786174,33.29511773786174,33.29511773786174,28.970178431510856
340,34.1,0.0,0.1,10000.0,28.970178431510856,0.0,11.230236561176593,33.29511773786174,33.29511773786174,33.29511773786174,29.008883987368907
341,34.2,0.0,0.1,10000.0,29.008883987368907,0.0,11.22055919525715,33.29511773786174,33.29511773786174,33.29511773786174,29.047504681578758
342,34.3,0.0,0.1,10000.0,29.047504681578758,0.0,11.210890168557514,33.29511773786174,33.29511773786174,33.29511773786174,29.086040880826634
343,34.4,0.0,0.1,10000.0,29.086040880826634,0.0,11.201229473891575,33.29511773786174,33.29511773786174,33.29511773786174,29.124492949095853
344,34.5,0.0,0.1,10000.0,29.124492949095853,0.0,11.191577104079418,33.29511773786174,33.29511773786174,33.29511773786174,29.16286124769522
345,34.6,0.0,0.1,10000.0,29.16286124769522,0.0,11.181933051947315,33.29511773786174,33.29511773786174,33.29511773786174,29.201146135287036
346,34.7,0.0,0.1,10000.0,29.201146135287036,0.0,11.172297310327723,33.29511773786174,33.29511773786174,33.29511773786174,29.239347967914757
347,34.8,0.0,0.1,10000.0,29.239347967914757,0.0,11.162669872059274,33.29511773786174,33.29511773786174,33.29511773786174,29.27746709903024
348,34.9,0.0,0.1,10000.0,29.27746709903024,0.0,-24.50129853520572,33.29511773786174,33.29511773786174,33.29511773786174,27.71217803514441
349,35.0,0.0,0.1,10000.0,27.71217803514441,0.0,-25.558785789496877,33.29511773786174,33.29511773786174,33.29511773786174,27.619794609910496
350,35.1,0.0,0.1,10000.0,27.619794609910496,0.0,-25.558889584711373,33.29511773786174,33.29511773786174,33.29511773786174,27.527100762279684
351,35.2,0.0,0.1,10000.0,27.527100762279684,0.0,-25.558974188142887,33.29511773786174,33.29511773786174,33.29511773786174,27.434093415658374
352,35.3,0.0,0.1,10000.0,27.434093415658374,0.0,-25.5590396331852,33.29511773786174,33.29511773786174,33.29511773786174,27.340769440753363
353,35.4,0.0,0.1,10000.0,27.340769440753363,0.0,-25.55908595318267,33.29511773786174,33.29511773786174,33.29511773786174,27.2471256543107
354,35.5,0.0,0.1,10000.0,27.2471256543107,0.0,-25.559113181430376,33.29511773786174,33.29511773786174,33.29511773786174,27.153158817815473
355,35.6,0.0,0.1,10000.0,27.153158817815473,0.0,-25.55912135117434,33.29511773786174,33.29511773786174,33.29511773786174,27.058865636151033
356,35.7,0.0,0.1,10000.0,27.058865636151033,0.0,-25.559110495611638,33.29511773786174,33.29511773786174,33.29511773786174,26.96424275621611
357,35.8,0.0,0.1,10000.0,26.96424275621611,0.0,-25.559080647890625,33.29511773786174,33.29511773786174,33.29511773786174,26.869286765498163
358,35.9,0.0,0.1,10000.0,26.869286765498163,0.0,-25.559031841111082,33.29511773786174,33.29511773786174,33.29511773786174,26.773994190601307
359,36.0,0.0,0.1,10000.0,26.773994190601307,0.0,-25.558964108324357,33.29511773786174,33.29511773786174,33.29511773786174,26.67836149572698
360,36.1,0.0,0.1,10000.0,26.67836149572698,0.0,-25.558877482533582,33.29511773786174,33.29511773786174,33.29511773786174,26.582385081105517
361,36.2,0.0,0.1,10000.0,26.582385081105517,0.0,-25.558771996693793,33.29511773786174,33.29511773786174,33.29511773786174,26.486061281376706
362,36.3,0.0,0.1,10000.0,26.486061281376706,0.0,-25.558647683712092,33.29511773786174,33.29511773786174,33.29511773786174,26.389386363917215
363,36.4,0.0,0.1,10000.0,26.389386363917215,0.0,-25.558504576447827,33.29511773786174,33.29511773786174,33.29511773786174,26.292356527112783
364,36.5,0.0,0.1,10000.0,26.292356527112783,0.0,-25.55834270771272,33.29511773786174,33.29511773786174,33.29511773786174,26.194967898572955
365,36.6,0.0,0.1,10000.0,26.194967898572955,0.0,-25.55816211027099,33.29511773786174,33.29511773786174,33.29511773786174,26.09721653328595
366,36.7,0.0,0.1,10000.0,26.09721653328595,0.0,-25.557962816839602,33.29511773786174,33.29511773786174,33.29511773786174,25.99909841171123
367,36.8,0.0,0.1,10000.0,25.99909841171123,0.0,-25.557744860088278,33.29511773786174,33.29511773786174,33.29511773786174,25.90060943780721
368,36.9,0.0,0.1,10000.0,25.90060943780721,0.0,-25.55750827263975,33.29511773786174,33.29511773786174,33.29511773786174,25.801745436991272
369,37.0,0.0,0.1,10000.0,25.801745436991272,0.0,-25.557253087069846,33.29511773786174,33.29511773786174,33.29511773786174,25.7025021540294
370,37.1,0.0,0.1,10000.0,25.7025021540294,0.0,-25.556979335907656,33.29511773786174,33.29511773786174,33.29511773786174,25.602875250852286
371,37.2,0.0,0.1,10000.0,25.602875250852286,0.0,-25.556687051635617,33.29511773786174,33.29511773786174,33.29511773786174,25.50286030429484
372,37.3,0.0,0.1,10000.0,25.50286030429484,0.0,-25.55637626668974,33.29511773786174,33.29511773786174,33.29511773786174,25.40245280375577
373,37.4,0.0,0.1,10000.0,25.40245280375577,0.0,-25.55604701345966,33.29511773786174,33.29511773786174,33.29511773786174,25.30164814877378
374,37.5,0.0,0.1,10000.0,25.30164814877378,0.0,-25.5556993242888,33.29511773786174,33.29511773786174,33.29511773786174,25.20044164651663
375,37.6,0.0,0.1,10000.0,25.20044164651663,0.0,-25.555333231474506,33.29511773786174,33.29511773786174,33.29511773786174,25.098828509179363
376,37.7,0.0,0.1,10000.0,25.098828509179363,0.0,-25.55494876726817,33.29511773786174,33.29511773786174,33.29511773786174,24.996803851287492
377,37.8,0.0,0.1,10000.0,24.996803851287492,0.0,-25.554545963875345,33.29511773786174,33.29511773786174,33.29511773786174,24.894362686900944
378,37.9,0.0,0.1,10000.0,24.894362686900944,0.0,-25.554124853455892,33.29511773786174,33.29511773786174,33.29511773786174,24.79149992671429
379,38.0,0.0,0.1,10000.0,24.79149992671429,0.0,-25.553685468124065,33.29511773786174,33.29511773786174,33.29511773786174,24.68821037504845
380,38.1,0.0,0.1,10000.0,24.68821037504845,0.0,-25.55322783994869,33.29511773786174,33.29511773786174,33.29511773786174,24.584488726728893
381,38.2,0.0,0.1,10000.0,24.584488726728893,0.0,-25.552752000953245,33.29511773786174,33.29511773786174,33.29511773786174,24.48032956384512
382,38.3,0.0,0.1,10000.0,24.48032956384512,0.0,-25.552257983115943,33.29511773786174,33.29511773786174,33.29511773786174,24.375727352385738
383,38.4,0.0,0.1,10000.0,24.375727352385738,0.0,-25.551745818369927,33.29511773786174,33.29511773786174,33.29511773786174,24.270676438743365
384,38.5,0.0,0.1,10000.0,24.270676438743365,0.0,-25.551215538603355,33.29511773786174,33.29511773786174,33.29511773786174,24.165171046083074
385,38.6,0.0,0.1,10000.0,24.165171046083074,0.0,-25.5506671756595,33.29511773786174,33.29511773786174,33.29511773786174,24.05920527056785
386,38.7,0.0,0.1,10000.0,24.05920527056785,0.0,-25.55010076133681,33.29511773786174,33.29511773786174,33.29511773786174,23.952773077434113
387,38.8,0.0,0.1,10000.0,23.952773077434113,0.0,-25.549516327389163,33.29511773786174,33.29511773786174,33.29511773786174,23.84586829690994
388,38.9,0.0,0.1,10000.0,23.84586829690994,0.0,-25.548913905525865,33.29511773786174,33.29511773786174,33.29511773786174,23.738484619968254
389,39.0,0.0,0.1,10000.0,23.738484619968254,0.0,-25.548293527411744,33.29511773786174,33.29511773786174,33.29511773786174,23.63061559390671
390,39.1,0.0,0.1,10000.0,23.63061559390671,0.0,-25.547655224667338,33.29511773786174,33.29511773786174,33.29511773786174,23.52225461774559
391,39.2,0.0,0.1,10000.0,23.52225461774559,0.0,-25.546999028868935,33.29511773786174,33.29511773786174,33.29511773786174,23.413394937434422
392,39.3,0.0,0.1,10000.0,23.413394937434422,0.0,-25.546324971548728,33.29511773786174,33.29511773786174,33.29511773786174,23.30402964085761
393,39.4,0.0,0.1,10000.0,23.30402964085761,0.0,-25.545633084194872,33.29511773786174,33.29511773786174,33.29511773786174,23.19415165262854
394,39.5,0.0,0.1,10000.0,23.19415165262854,0.0,-25.544923398251587,33.29511773786174,33.29511773786174,33.29511773786174,23.08375372866122
395,39.6,0.0,0.1,10000.0,23.08375372866122,0.0,-25.544195945119313,33.29511773786174,33.29511773786174,33.29511773786174,22.97282845050772
396,39.7,0.0,0.1,10000.0,22.97282845050772,0.0,-25.543450756154773,33.29511773786174,33.29511773786174,33.29511773786174,22.861368219448853
397,39.8,0.0,0.1,10000.0,22.861368219448853,0.0,-25.542687862671023,33.29511773786174,33.29511773786174,33.29511773786174,22.749365250324935
398,39.9,0.0,0.1,10000.0,22.749365250324935,0.0,-25.54190729593767,33.29511773786174,33.29511773786174,33.29511773786174,22.63681156509247
399,40.0,0.0,0.1,10000.0,22.63681156509247,0.0,-25.541109087180836,33.29511773786174,33.29511773786174,33.29511773786174,22.52369898609169
400,40.1,0.0,0.1,10000.0,22.52369898609169,0.0,-25.54029326758336,33.29511773786174,33.29511773786174,33.29511773786174,22.410019129009044
401,40.2,0.0,0.1,10000.0,22.410019129009044,0.0,-25.539459868284816,33.29511773786174,33.29511773786174,33.29511773786174,22.295763395517415
402,40.3,0.0,0.1,10000.0,22.295763395517415,0.0,-25.53860892038165,33.29511773786174,33.29511773786174,33.29511773786174,22.180922965576027
403,40.4,0.0,0.1,10000.0,22.180922965576027,0.0,-25.537740454927263,33.29511773786174,33.29511773786174,33.29511773786174,22.065488789370438
404,40.5,0.0,0.1,10000.0,22.065488789370438,0.0,-25.5368545029321,33.29511773786174,33.29511773786174,33.29511773786174,21.94945157887199
405,40.6,0.0,0.1,10000.0,21.94945157887199,0.0,-25.535951095363725,33.29511773786174,33.29511773786174,33.29511773786174,21.832801798994407
406,40.7,0.0,0.1,10000.0,21.832801798994407,0.0,-25.535030263146947,33.29511773786174,33.29511773786174,33.29511773786174,21.715529658323877
407,40.8,0.0,0.1,10000.0,21.715529658323877,0.0,-25.534092037163884,33.29511773786174,33.29511773786174,33.29511773786174,21.59762509939718
408,40.9,0.0,0.1,10000.0,21.59762509939718,0.0,-25.53313644825405,33.29511773786174,33.29511773786174,33.29511773786174,21.47907778850061
409,41.0,0.0,0.1,10000.0,21.47907778850061,0.0,-25.532163527214458,33.29511773786174,33.29511773786174,33.29511773786174,21.35987710496054
410,41.1,0.0,0.1,10000.0,21.35987710496054,0.0,-25.53117330479967,33.29511773786174,33.29511773786174,33.29511773786174,21.24001212989431
411,41.2,0.0,0.1,10000.0,21.24001212989431,0.0,-25.53016581172193,33.29511773786174,33.29511773786174,33.29511773786174,21.119471634387853
412,41.3,0.0,0.1,10000.0,21.119471634387853,0.0,-25.529141078651236,33.29511773786174,33.29511773786174,33.29511773786174,20.99824406706387
413,41.4,0.0,0.1,10000.0,20.99824406706387,0.0,-25.528099136215378,33.29511773786174,33.29511773786174,33.29511773786174,20.87631754100181
414,41.5,0.0,0.1,10000.0,20.87631754100181,0.0,-25.5270400150001,33.29511773786174,33.29511773786174,33.29511773786174,20.75367981996783
415,41.6,0.0,0.1,10000.0,20.75367981996783,0.0,-25.525963745549138,33.29511773786174,33.29511773786174,33.29511773786174,20.63031830390966
416,41.7,0.0,0.1,10000.0,20.63031830390966,0.0,-25.524870358364257,33.29511773786174,33.29511773786174,33.29511773786174,20.506220013667978
417,41.8,0.0,0.1,10000.0,20.506220013667978,0.0,-25.52375988390543,33.29511773786174,33.29511773786174,33.29511773786174,20.381371574851777
418,41.9,0.0,0.1,10000.0,20.381371574851777,0.0,-25.522632352590858,33.29511773786174,33.29511773786174,33.29511773786174,20.255759200821327
419,42.0,0.0,0.1,10000.0,20.255759200821327,0.0,-25.52148779479705,33.29511773786174,33.29511773786174,33.29511773786174,20.129368674717508
420,42.1,0.0,0.1,10000.0,20.129368674717508,0.0,-25.520326240858903,33.29511773786174,33.29511773786174,33.29511773786174,20.002185330471438
421,42.2,0.0,0.1,10000.0,20.002185330471438,0.0,-25.51914772106982,33.29511773786174,33.29511773786174,33.29511773786174,19.874194032722755
422,42.3,0.0,0.1,10000.0,19.874194032722755,0.0,-25.517952265681732,33.29511773786174,33.29511773786174,33.29511773786174,19.74537915556894
423,42.4,0.0,0.1,10000.0,19.74537915556894,0.0,-25.516739904905187,33.29511773786174,33.29511773786174,33.29511773786174,19.615724560061384
424,42.5,0.0,0.1,10000.0,19.615724560061384,0.0,-25.515510668909492,33.29511773786174,33.29511773786174,33.29511773786174,19.485213570356716
425,42.6,0.0,0.1,10000.0,19.485213570356716,0.0,-25.514264587822684,33.29511773786174,33.29511773786174,33.29511773786174,19.35382894842385
426,42.7,0.0,0.1,10000.0,19.35382894842385,0.0,-25.513001691731684,33.29511773786174,33.29511773786174,33.29511773786174,19.22155286719839
427,42.8,0.0,0.1,10000.0,19.22155286719839,0.0,-25.511722010682323,33.29511773786174,33.29511773786174,33.29511773786174,19.088366882066317
428,42.9,0.0,0.1,10000.0,19.088366882066317,0.0,-25.51042557467947,33.29511773786174,33.29511773786174,33.29511773786174,18.954251900548076
429,43.0,0.0,0.1,10000.0,18.954251900548076,0.0,-25.509112413687056,33.29511773786174,33.29511773786174,33.29511773786174,18.81918815004231
430,43.1,0.0,0.1,10000.0,18.81918815004231,0.0,-25.50778255762816,33.29511773786174,33.29511773786174,33.29511773786174,18.683155143475293
431,43.2,0.0,0.1,10000.0,18.683155143475293,0.0,-25.5064360363851,33.29511773786174,33.29511773786174,33.29511773786174,18.546131642687385
432,43.3,0.0,0.1,10000.0,18.546131642687385,0.0,-25.505072879799478,33.29511773786174,33.29511773786174,33.29511773786174,18.408095619371668
433,43.4,0.0,0.1,10000.0,18.408095619371668,0.0,-25.503693117672267,33.29511773786174,33.29511773786174,33.29511773786174,18.269024213361696
434,43.5,0.0,0.1,10000.0,18.269024213361696,0.0,-25.50229677976389,33.29511773786174,33.29511773786174,33.29511773786174,18.12889368804515
435,43.6,0.0,0.1,10000.0,18.12889368804515,0.0,-25.500883895794278,33.29511773786174,33.29511773786174,33.29511773786174,17.987679382657575
436,43.7,0.0,0.1,10000.0,17.987679382657575,0.0,-25.49945449544293,33.29511773786174,33.29511773786174,33.29511773786174,17.845355661185234
437,43.8,0.0,0.1,10000.0,17.845355661185234,0.0,-25.498008608349,33.29511773786174,33.29511773786174,33.29511773786174,17.701895857577686
438,43.9,0.0,0.1,10000.0,17.701895857577686,0.0,-25.49654626411137,33.29511773786174,33.29511773786174,33.29511773786174,17.55727221693916
439,44.0,0.0,0.1,10000.0,17.55727221693916,0.0,-25.495067492288683,33.29511773786174,33.29511773786174,33.29511773786174,17.411455832331942
440,44.1,0.0,0.1,10000.0,17.411455832331942,0.0,-25.49357232239948,33.29511773786174,33.29511773786174,33.29511773786174,17.264416576784924
441,44.2,0.0,0.1,10000.0,17.264416576784924,0.0,-25.492060783922174,33.29511773786174,33.29511773786174,33.29511773786174,17.11612303005507
442,44.3,0.0,0.1,10000.0,17.11612303005507,0.0,-25.490532906295208,33.29511773786174,33.29511773786174,33.29511773786174,16.966542399638254
443,44.4,0.0,0.1,10000.0,16.966542399638254,0.0,-25.48898871891706,33.29511773786174,33.29511773786174,33.29511773786174,16.815640435467785
444,44.5,0.0,0.1,10000.0,16.815640435467785,0.0,-25.48742825114634,33.29511773786174,33.29511773786174,33.29511773786174,16.663381337673034
445,44.6,0.0,0.1,10000.0,16.663381337673034,0.0,-25.485851532301826,33.29511773786174,33.29511773786174,33.29511773786174,16.509727656695297
446,44.7,0.0,0.1,10000.0,16.509727656695297,0.0,-25.484258591662588,33.29511773786174,33.29511773786174,33.29511773786174,16.354640184972492
447,44.8,0.0,0.1,10000.0,16.354640184972492,0.0,-25.48264945846797,33.29511773786174,33.29511773786174,33.29511773786174,16.198077839306226
448,44.9,0.0,0.1,10000.0,16.198077839306226,0.0,-25.481024161917745,33.29511773786174,33.29511773786174,33.29511773786174,16.039997532912526
449,45.0,0.0,0.1,10000.0,16.039997532912526,0.0,-25.479382731172098,33.29511773786174,33.29511773786174,33.29511773786174,15.880354036028463
450,45.1,0.0,0.1,10000.0,15.880354036028463,0.0,-25.477725195351745,33.29511773786174,33.29511773786174,33.29511773786174,15.719099823798281
451,45.2,0.0,0.1,10000.0,15.719099823798281,0.0,-25.476051583537956,33.29511773786174,33.29511773786174,33.29511773786174,15.556184909990868
452,45.3,0.0,0.1,10000.0,15.556184909990868,0.0,-25.47436192477268,33.29511773786174,33.29511773786174,33.29511773786174,15.391556664901477
453,45.4,0.0,0.1,10000.0,15.391556664901477,0.0,-25.472656248058513,33.29511773786174,33.29511773786174,33.29511773786174,15.225159615559418
454,45.5,0.0,0.1,10000.0,15.225159615559418,0.0,-25.470934582358876,33.29511773786174,33.29511773786174,33.29511773786174,15.056935226093975
455,45.6,0.0,0.1,10000.0,15.056935226093975,0.0,-25.46919695659795,33.29511773786174,33.29511773786174,33.29511773786174,14.886821655795773
456,45.7,0.0,0.1,10000.0,14.886821655795773,0.0,-25.467443399660855,33.29511773786174,33.29511773786174,33.29511773786174,14.71475349204117
457,45.8,0.0,0.1,10000.0,14.71475349204117,0.0,-25.465673940393632,33.29511773786174,33.29511773786174,33.29511773786174,14.540661454812128
458,45.9,0.0,0.1,10000.0,14.540661454812128,0.0,-25.463888607603366,33.29511773786174,33.29511773786174,33.29511773786174,14.364472069029842
459,46.0,0.0,0.1,10000.0,14.364472069029842,0.0,-25.46208743005815,33.29511773786174,33.29511773786174,33.29511773786174,14.18610730031064
460,46.1,0.0,0.1,10000.0,14.18610730031064,0.0,-25.460270436487264,33.29511773786174,33.29511773786174,33.29511773786174,14.005484149026387
461,46.2,0.0,0.1,10000.0,14.005484149026387,0.0,-25.458437655581168,33.29511773786174,33.29511773786174,33.29511773786174,13.822514196683363
462,46.3,0.0,0.1,10000.0,13.822514196683363,0.0,-25.45658911599156,33.29511773786174,33.29511773786174,33.29511773786174,13.637103097590588
463,46.4,0.0,0.1,10000.0,13.637103097590588,0.0,-25.454724846331445,33.29511773786174,33.29511773786174,33.29511773786174,13.44915000753016
464,46.5,0.0,0.1,10000.0,13.44915000753016,0.0,-25.452844875175213,33.29511773786174,33.29511773786174,33.29511773786174,13.25854693961648
465,46.6,0.0,0.1,10000.0,13.25854693961648,0.0,-25.45094923105869,33.29511773786174,33.29511773786174,33.29511773786174,13.065178035671837
466,46.7,0.0,0.1,10000.0,13.065178035671837,0.0,-25.44903794247915,33.29511773786174,33.29511773786174,33.29511773786174,12.868918739167869
467,46.8,0.0,0.1,10000.0,12.868918739167869,0.0,-25.44711104566345,33.29511773786174,33.29511773786174,33.29511773786174,12.669634852914003
468,46.9,0.0,0.1,10000.0,12.669634852914003,0.0,-25.41748724101104,33.29511773786174,33.29511773786174,33.29511773786174,12.46740349302817
469,47.0,0.0,0.1,10000.0,12.46740349302817,0.0,-25.39560396385165,33.29511773786174,33.29511773786174,33.29511773786174,12.262015701555788
470,47.1,0.0,0.1,10000.0,12.262015701555788,0.0,-25.373739502504414,33.29511773786174,33.29511773786174,33.29511773786174,12.053309967170835
471,47.2,0.0,0.1,10000.0,12.053309967170835,0.0,-25.3518938408736,33.29511773786174,33.29511773786174,33.29511773786174,11.841110691000447
472,47.3,0.0,0.1,10000.0,11.841110691000447,0.0,-25.33006696287677,33.29511773786174,33.29511773786174,33.29511773786174,11.625226406567304
473,47.4,0.0,0.1,10000.0,11.625226406567304,0.0,-25.308258852444705,33.29511773786174,33.29511773786174,33.29511773786174,11.405447699825764
474,47.5,0.0,0.1,10000.0,11.405447699825764,0.0,-25.286469493521444,33.29511773786174,33.29511773786174,33.29511773786174,11.181544765136726
475,47.6,0.0,0.1,10000.0,11.181544765136726,0.0,-25.26469887006424,33.29511773786174,33.29511773786174,33.29511773786174,10.95326451614968
476,47.7,0.0,0.1,10000.0,10.95326451614968,0.0,-25.242946966043604,33.29511773786174,33.29511773786174,33.29511773786174,10.720327148344634
477,47.8,0.0,0.1,10000.0,10.720327148344634,0.0,-25.221213765443242,33.29511773786174,33.29511773786174,33.29511773786174,10.482422020432411
478,47.9,0.0,0.1,10000.0,10.482422020432411,0.0,-25.19949925226007,33.29511773786174,33.29511773786174,33.29511773786174,10.239202682044843
479,48.0,0.0,0.1,10000.0,10.239202682044843,0.0,-25.177803410504247,33.29511773786174,33.29511773786174,33.29511773786174,9.990280820972623
480,48.1,0.0,0.1,10000.0,9.990280820972623,0.0,-25.1561262241991,33.29511773786174,33.29511773786174,33.29511773786174,9.735218828411286
481,48.2,0.0,0.1,10000.0,9.735218828411286,0.0,-25.134467677381174,33.29511773786174,33.29511773786174,33.29511773786174,9.473520575877659
482,48.3,0.0,0.1,10000.0,9.473520575877659,0.0,-25.1128277541002,33.29511773786174,33.29511773786174,33.29511773786174,9.204619848247798
483,48.4,0.0,0.1,10000.0,9.204619848247798,0.0,-25.091206438419054,33.29511773786174,33.29511773786174,33.29511773786174,8.9278656611238
484,48.5,0.0,0.1,10000.0,8.9278656611238,0.0,-25.069603714413848,33.29511773786174,33.29511773786174,33.29511773786174,8.642503371141416
485,48.6,0.0,0.1,10000.0,8.642503371141416,0.0,-25.048019566173817,33.29511773786174,33.29511773786174,33.29511773786174,8.347650005058668
486,48.7,0.0,0.1,10000.0,8.347650005058668,0.0,-25.02645397780137,33.29511773786174,33.29511773786174,33.29511773786174,8.042261486136576
487,48.8,0.0,0.1,10000.0,8.042261486136576,0.0,-25.004906933412084,33.29511773786174,33.29511773786174,33.29511773786174,7.725088247050209
488,48.9,0.0,0.1,10000.0,7.725088247050209,0.0,-24.983378417134656,33.29511773786174,33.29511773786174,33.29511773786174,7.39461376552463
489,49.0,0.0,0.1,10000.0,7.39461376552463,0.0,-24.96186841311094,33.29511773786174,33.29511773786174,33.29511773786174,7.048967233479253
490,49.1,0.0,0.1,10000.0,7.048967233479253,0.0,-24.940376905495942,33.29511773786174,33.29511773786174,33.29511773786174,6.685795665256676
491,49.2,0.0,0.1,10000.0,6.685795665256676,0.0,-24.91890387845775,33.29511773786174,33.29511773786174,33.29511773786174,6.302069731594011
492,49.3,0.0,0.1,10000.0,6.302069731594011,0.0,-24.897449316177624,33.29511773786174,33.29511773786174,33.29511773786174,5.893775787951038
493,49.4,0.0,0.1,10000.0,5.893775787951038,0.0,-24.876013202849883,33.29511773786174,33.29511773786174,33.29511773786174,5.4554001134717796
494,49.5,0.0,0.1,10000.0,5.4554001134717796,0.0,-24.854595522681997,33.29511773786174,33.29511773786174,33.29511773786174,4.979003042129168
495,49.6,0.0,0.1,10000.0,4.979003042129168,0.0,-24.833196259894507,33.29511773786174,33.29511773786174,33.29511773786174,4.452396213450979
496,49.7,0.0,0.1,10000.0,4.452396213450979,0.0,-24.811815398721045,33.29511773786174,33.29511773786174,33.29511773786174,3.855057582165071
497,49.8,0.0,0.1,10000.0,3.855057582165071,0.0,-24.790452923408345,33.29511773786174,33.29511773786174,33.29511773786174,3.1469633580845415
498,49.9,0.0,0.1,10000.0,3.1469633580845415,0.0,-24.769108818216193,33.29511773786174,33.29511773786174,33.29511773786174,2.2247599001877703
499,50.0,0.0,0.1,10000.0,2.2247599001877703,0.0,-24.747783067417483,33.29511773786174,33.29511773786174,33.29511773786174,0.0
500,50.0,0.0,0.1,10000.0,33.29511773786174,0.0,0.0,33.29511773786174,33.29511773786174,33.29511773786174,0.0
